USE falcon;
SET FOREIGN_KEY_CHECKS=0;

LOCK TABLES `User` WRITE;
INSERT INTO `User` (`id`,`firstName`,`lastName`) 
VALUES
(1,NULL, 'Falcon Automation'),
(2,NULL, 'NRM Interface Auto'),
(3,'Brian','Knight'),
(4,'Phil','Hartman'),
(5,'Jeff','Dimarco'),
(6,'Kevin','Oleniczak'),
(7,'Jody','Glenn'),
(8,'Mike','Chow'),
(9,'Rush','Luangsuwan'),
(10,'Danielle','Anderson'),
(11,'Eric','Thompson'),
(12,'Steve','Lesczynski'),
(13,'Erick','Orille'),
(14,'Brian','Robbins'),
(15,'Cliff','Grimes'),
(16,'James','Smith'),
(17,'Onaz','Ochai'),
(18,'Trampus','Selensky'),
(19,'Steve','Manuel'),
(20,'Eric','Blood'),
(21,'Rohan','Shah'),
(22,'Daniel','Jones'),
(23,'Amit','Duvani'),
(24,'Sanklalp','Jain'),
(25,'Heather','Bloomcamp'),
(26,'Eddie','Burnell'),
(27,'Bruce','Elliott'),
(28,'Napoleon','Evangelista'),
(29,'Yassin','Ali'),
(30,'Roel','Sigue'),
(31,'Steve','Liang'),
(32,'Russell','Lenig'),
(33,'Sankalp','Sharma'),
(34,'Thomas','Braddock'),
(35,'Alan','Harris'),
(36,'Anubha','Marwah'),
(37,'Abhinay','Manbansh'),
(38,'Anamika','Verma'),
(39,'Sandeep','Rawat'),
(40,'Sunil','Alluri'),
(41,'Bruce','Trammell'),
(42,'Stephanie','Cotton'),
(43,'Raymond','Ongewe'),
(44,'Manuel','Villanueva'),
(45,'Julie','Oppegard'),
(46,'Shachi','Agarwal'),
(47,'Mayank','Vishwakarma'),
(48,'Anuj','Garg'),
(49,'Vincent','Capo'),
(50,'James','McMillan'),
(51,'Shawn','Kohout'),
(52,'Nicholas','Thomas'),
(53,'Sanuj','Pachouri'),
(54,'Mark','Holt'),
(55,'Christopher','Lopez'),
(56,'Diksha','Sharma'),
(57,'Surender','Singh'),
(58,'Ronald','Mapili'),
(59,'Darrel','Allen'),
(60,'Tom','Rowe'),
(61,'Kevin','Smith'),
(62,'Arun','Pillai'),
(63,'Brett','Gray'),
(64,'Ron','Hall'),
(65,'Deepak','R'),
(66,'Tarun','Khatri'),
(67,'Raymond','Javelona'),
(68,'Benjamin','Thurmond'),
(69,'Tuan','Vu'),
(70,'Perry','Turner'),
(71,'Clement','Jiboye'),
(72,'Stephen','Kartz'),
(73,'Muhammad','Bhutto'),
(74,'Michael','Lawson'),
(75,'Christopher','Sisson'),
(76,'Hatem','Rizk'),
(77,'Keith','Wright'),
(78,'Divya','Ganesh'),
(79,'Nitin','Mukherjee'),
(80,'Devender','Verma'),
(81,'Sadanand','Khedkar'),
(82,'Atul','Tiwari'),
(83,'Mark','Gowans'),
(84,'Varun','Sharma'),
(85,'Ajit','Prashar'),
(86,'Michael','Vincenyo'),
(87,'Jim','Dellarocco'),
(88,'JoJo','Goel'),
(89,'Steven','Beeson'),
(90,'Louis','Montoya'),
(91,'Mohit','Mathur'),
(92,'Mitchell','Jordan'),
(93,'Chia','Chang'),
(94,'Christopher','Jones'),
(95,'Hector','Estrella'),
(96,'Sean','Tokarz'),
(97,'Roshan','Kumar'),
(98,'Tededria','Colleton'),
(99,'Bok','Tye'),
(100,'Solomon','Staten'),
(101,'Vann','Siv'),
(102,'Sumeet','Aneja'),
(103,'Hector','Riego'),
(104,'Sourub','Singh'),
(105,'Edgar','McDoniel'),
(106,'Dubey','Pooja'),
(107,'Rodrigo','Rodelas'),
(108,'Christopher','Price'),
(109,'Lingguang','Han'),
(110,'Steven','Cooper'),
(111,'Cedric','Phillips'),
(112,'Felipe','Fuentes'),
(113,'Shashank','Shekhar'),
(114,'Aadesh','Shinde'),
(115,'Mark','Moore'),
(116,'Roderick','Smith'),
(117,'Kevin','McCullough'),
(118,'Shawn','Williams'),
(119,'Koushik','Ray'),
(120,'Ajit','Mathew'),
(121,'Amandeep','Makkar'),
(122,'Andrew','Fudge'),
(123,'Phillip','Norman'),
(124,'Christopher','Williams'),
(125,'Vineet','Mishra'),
(126,'Kanika','Chhabra'),
(127,'Himanshu','Tiwari'),
(128,'Shivanshu','Rajan'),
(129,'Danilo','Gatus'),
(130,'Fama','Lo'),
(131,'Glenn','Shaver'),
(132,'Joseph','Hoefer'),
(133,'Kevin','Farr'),
(134,'Michelle','Rhodes'),
(135,'Hector','Gonzalez'),
(136,'Nee Nee','Yang'),
(137,'Himanshu','Gupta'),
(138,'Kara','Meintassis'),
(139,'Donald','Cook'),
(140,'William','Hastings'),
(141,'Mohan','Kuppusamy'),
(142,'Rajeev','Kumar'),
(143,'T','Collins'),
(144,'Kristen','Bryant'),
(145,'Nitesh','Naini'),
(146,'Brian','Nass'),
(147,'Raj','Puthankattil'),
(148,'Tanuj','Hasija'),
(149,'Steve','Murdoch'),
(150,'Deepinder','Singh'),
(151,'Steven','Murdoch'),
(152,'Kuntal','Shah'),
(153,'Shailendra','Pandey'),
(154,'Srinivas','Kanyagugundla'),
(155,'Jesus','Villanueva'),
(156,'Doua','Lo'),
(157,'Juan','Torres Jr'),
(158,'David','Murphy'),
(159,'Alex','Detrick'),
(160,'Bradley','Gray'),
(161,'Anil','Sharma'),
(162,'Anne','Nemer'),
(163,'Anil','Rathor'),
(164,'Jason','Rouse'),
(165,'Kelly','Krekel'),
(166,'Sonal','Goel'),
(167,'Ramin','Aghazadeh'),
(168,'Jonel','Stancu'),
(169,'Chad','Yarmer'),
(170,'Vivek','Kumar'),
(171,'Marvin','Ishraidi'),
(172,'Lydia','Trujillo'),
(173,'Arun','Kulkarni'),
(174,'Vikash','Srivastava'),
(175,'Shubha','Koundinyan'),
(176,'William','Johnson'),
(177,'Leng','Chheng'),
(178,'Aadesh','Murthykeyan'),
(179,'Tom','Nguyen'),
(180,'Bob','Poorbaugh'),
(181,'Genaro','Mejia'),
(182,'Reinaldo','Cordero'),
(183,'Virgil','Robinson Jr'),
(184,'Dusty','Wyman'),
(185,'Manish','Sharma'),
(186,'Dion','Pittman'),
(187,'Neeraj','Hampal'),
(188,'Yosef','Haile'),
(189,'Sandeep','Jain'),
(190,'Rodyna','Zidan'),
(191,'Resty','Ignacio'),
(192,'Cyrus','Raiszadeh'),
(193,'Shideh','Dalilaltojary'),
(194,'David','Pangan'),
(195,'Himani','Bansal'),
(196,'Amit','Verma'),
(197,'Satish','Khullar'),
(198,'Aseem','Moudgil'),
(199,'Melissa','Sy-Tu'),
(200,'Kevin','Reed'),
(201,'Mauricio','Lopez'),
(202,'Perwaiz','Akhtar'),
(203,'Glenn','Torshizi'),
(204,'Dhruv','Negi'),
(205,'Mala','Garg'),
(206,'Yue','Yoa'),
(207,'Mohammed','Bennani'),
(208,'Henok','Mengistu'),
(209,'Kumi','Easwarachandran'),
(210,'Dai','Ngo'),
(211,'Mohamed','Benchaaboune'),
(212,'Karimi','Kiragu'),
(213,'Mark','Heet'),
(214,'Michael','Smith'),
(215,'Harjeet','Jandu'),
(216,'David','Teel'),
(217,'Namit','Singh'),
(218,'Anil','Pillarisetti'),
(219,'Rajvi','Bhatt'),
(220,'Craig','Catena'),
(221,'Gaurav','Nandola'),
(222,'Conrad','Abad'),
(223,'Rahul','Sawant'),
(224,'Anthony','Peralta'),
(225,'Ryan','Huynh'),
(226,'Fredy','Chinoy'),
(227,'Yomi','Oke'),
(228,'Gaurav','Nukala'),
(229,'Krista','Phillips'),
(230,'Violeta','Tablett'),
(231,'Mahesh','Babu'),
(232,'Chetan','Patel'),
(233,'Gurinder','Bir-Singh'),
(234,'Gezahegn','Kifle'),
(235,'Pratik','Mankar'),
(236,'Alwyn','Dippenaar'),
(237,'Diem','Le'),
(238,'Stephen','Heffelfinger'),
(239,'Antonio','Gajo'),
(240,'Maysa','Almonayer'),
(241,'Mustapha','Rachidi'),
(242,'Mark','Lininger'),
(243,'Hanumat','Nooney'),
(244,'Ibrahim','Lahlou'),
(245,'Anuj','Goel'),
(246,'Rishabh','Parmar'),
(247,'Kriti','Arora'),
(248,'Srinath','Madipalli'),
(249,'Vincent','Moise'),
(250,'Stephen','Burney'),
(251,'Rick','Andras'),
(252,'Colleen','Halley'),
(253,'Alejandro','Zarate'),
(254,'Mehta','J'),
(255,'Atanu','Halder'),
(256,'Jonathan','Hull'),
(257,'Derek','Dragisich'),
(258,'Sourabh','Jain'),
(259,'Arun','Goyal'),
(260,'Akanksha','Agrawal'),
(261,'Smriti','Kapoor'),
(262,'Krishnakumar','Hariharan'),
(263,'Kajari','Arya'),
(264,'Aishwarya','Pathak'),
(265,'Jared','Elliott'),
(266,'Sandeep','Chittimuri'),
(267,'Ashish','Mittal'),
(268,'Philip','Sortin'),
(269,'Milena','Ignjatovic'),
(270,'Adwait','Jawale'),
(271,'Raghvendra','Agnihotri'),
(272,'Abdelghani','Moufji'),
(273,'Sandeep','Goyal'),
(274,'Manisha','Goyal'),
(275,'Sudhir','Jagadeeshan'),
(276,'Keith','Vellante'),
(277,'Robert','Malupin'),
(278,'Jimmy','Xu'),
(279,'Harvey','Cheung'),
(280,'Anoop','Goyal'),
(281,'Murugabiran','Jayapal'),
(282,'Arnav','Mishra'),
(283,'Gaurav','Awasthee'),
(284,'Jean','Alexis'),
(285,'Alok','Setu'),
(286,'Nikhil','Mane'),
(287,'Muhammad','Ibrahim'),
(288,'Jad','Assaad'),
(289,'Lal','Bharwani'),
(290,'Christopher','Sihpol'),
(291,'Stephen','Mont'),
(292,'Aman','Thareja'),
(293,'Raymond','Kim'),
(294,'Joseph','Sutherland'),
(295,'Farhan','Chaudhry'),
(296,'Julie','Hart'),
(297,'Ashish','Bramhe'),
(298,'Matthew','Chan'),
(299,'Yogesh','Shah'),
(300,'Jeffrey','Wormhood'),
(301,'Rohit','Singh'),
(302,'Curtis','Page'),
(303,'Kin','Phoon'),
(304,'Amy','Giesken'),
(305,'Jatin','Chaudhary'),
(306,'Patrick','Quinn'),
(307,'Tony','Silva'),
(308,'Joseph','Wood'),
(309,'Ajay','Sawant'),
(310,'Sanjeevi','Balasubamanian'),
(311,'Fazmil','Luthufdeen'),
(312,'Avtar','Singh'),
(313,'Darrin','Mott'),
(314,'Adam','Durando'),
(315,'Kristen','Nickerson'),
(316,'Fonda','Ong'),
(317,'Vish','Iyer'),
(318,'Vipul','Arora'),
(319,'Ankit','Srivastava'),
(320,'Jasleen','Kaur'),
(321,'John','Fornagiel'),
(322,'Seema','Ahmed'),
(323,'Radu','Alecsandru'),
(324,'Jeremy','Fulkerson'),
(325,'Chad','Chisholm'),
(326,'Prabhu','Prabhu'),
(327,'Stephen','Jayakumar'),
(328,'Justin','Darrow'),
(329,'William','Arseniu'),
(330,'Jason','Hagy'),
(331,'Gilbert','Nyandjo'),
(332,'Thomas','Fitzsimmons'),
(333,'Sunil','Sunil'),
(334,'Hollis','Wiggs'),
(335,'Pallavi','Garg'),
(336,'Jeff','Patterson'),
(337,'Shante','Chavis'),
(338,'Amreek','Saini'),
(339,'Hani','Abuelgasim'),
(340,'Sunil','Mhatre'),
(341,'Rick','Madoni'),
(342,'Phillip','Sheek Jr'),
(343,'Kevin','Brown'),
(344,'Nidish','Vashistha'),
(345,'Alfred','Lo'),
(346,'Curtis','Bunnell'),
(347,'Meenu','Singh'),
(348,'David','Wiltshire'),
(349,'Robert','Carter'),
(350,'Safwat','Helmy'),
(351,'Christopher','Huffman'),
(352,'Mark','Rafuse'),
(353,'Divay','Passi'),
(354,'Ayman','Shakfa'),
(355,'Azadwinder','Maan'),
(356,'Megha','Praveen'),
(357,'David','Kiechle'),
(358,'Sandeep','Singh'),
(359,'Praveen','Kumar'),
(360,'David','Thomas'),
(361,'Eugene','Lopez'),
(362,'Cyril','Dinopol'),
(363,'Hammad','Naqvi'),
(364,'Jim','Rickard'),
(365,'Arnold','Alvarado'),
(366,'David','Scott'),
(367,'Sam','Sallis'),
(368,'Christopher','Burden'),
(369,'Chaitanya','Dabke'),
(370,'Shrey','Goyal'),
(371,'Shimpa','Mahajan'),
(372,'Ankit','Sarda'),
(373,'Chandrashekhar','Thote'),
(374,'Brijmani','Kumar'),
(375,'Chad','Griepp'),
(376,'Sumit','Mishra'),
(377,'Greg','Stephen'),
(378,'Cassandra','Meadows'),
(379,'Lauren','Neuberger'),
(380,'James','Weber'),
(381,'Ravi','Sindhal'),
(382,'Anand','Mishra'),
(383,'Lauren','Owen'),
(384,'Jeff','Tostenrude'),
(385,'Vivek','Desai'),
(386,'Nathan','Rausch'),
(387,'Chris','Cubanske'),
(388,'Yuwu','Zhang'),
(389,'Alan','Lim'),
(390,'Saket','Chandan'),
(391,'Rachel','McCrystal'),
(392,'Vinay','Bhatt'),
(393,'Robert','Crowe'),
(394,'Somendra','Deoda'),
(395,'Dinesh','Muthu'),
(396,'George','Pivka'),
(397,'Janice','Rios-Negron'),
(398,'Scott','Gerdts'),
(399,'Jason','Bodnar'),
(400,'Gunsheen','Kaur'),
(401,'Kellen','Eiler'),
(402,'Paul','Roos'),
(403,'Richard','Letter'),
(404,'Shane','Edwards'),
(405,'Akriti','Sinha'),
(406,'Gaurav','Sharma'),
(407,'Gerald','Tindall'),
(408,'Neha','Agrawal'),
(409,'Ashutosh','Agnihotri'),
(410,'Nhattuan','Ho'),
(411,'Dhanesh','Goel'),
(412,'Charles','George'),
(413,'Joseph','Arnett'),
(414,'Abdus','Mohammed'),
(415,'Harry','Baumgarten'),
(416,'Nimish','Adhvaryu'),
(417,'Biren','Patel'),
(418,'Dan','Lamkin'),
(419,'Daniel','Stacey'),
(420,'Fran','Sauber'),
(421,'Bill','Leslie'),
(422,'Anand','Arumugam'),
(423,'Milan','Savic'),
(424,'Tejas','Amin'),
(425,'Bryan','Narbert'),
(426,'Igor','Fortel'),
(427,'Priya','Perumalsamy'),
(428,'Jotham','Habtemariam'),
(429,'Jonas','Barcellano'),
(430,'Tony','Thompson'),
(431,'Anthony','Imrisek'),
(432,'Dave','Chuke'),
(433,'Neeraj','Beri'),
(434,'John','Cullen'),
(435,'Armil','Biag'),
(436,'Nittin','Awasthi'),
(437,'Hammad','Shaikh'),
(438,'Syed','Hasan'),
(439,'Khalid','Menawi'),
(440,'Anand','Zaveri'),
(441,'Byron','Moore'),
(442,'Larry','Cabrol'),
(443,'Shahzad','Haroon'),
(444,'Karthik','Bharathan'),
(445,'Ramya','Nagulavancha'),
(446,'David','Raymond'),
(447,'Paul','Peterson'),
(448,'Robert','Egenolf'),
(449,'Donald','Bach'),
(450,'Rohit','Kapur'),
(451,'Daniel','Huffman'),
(452,'Kennedy','Briggs'),
(453,'Gurukrupa','Kumaraswamy'),
(454,'Patrick','Phan'),
(455,'Joel','Boutin'),
(456,'Joseph','Smyk'),
(457,'Dwayne','Latzke'),
(458,'Chris','Kreiner'),
(459,'Duane','Tomka'),
(460,'Mark','Schwitzer'),
(461,'Pj','Kirkpatrick'),
(462,'Randy','Kruszka'),
(463,'Elaina','Koch'),
(464,'Kenneth','Brown'),
(465,'Freda','Dacanay'),
(466,'John','Mullins'),
(467,'James','Mccoy'),
(468,'Adnan','Muzaffar'),
(469,'David','Haughney'),
(470,'Ankit','Katyal'),
(471,'Robby','Wilkerson'),
(472,'Mark','Elliott'),
(473,'Michael','Robinson'),
(474,'John','Manley'),
(475,'Donald','Pierce'),
(476,'Sukhpreet','Singh'),
(477,'Mark','Ross'),
(478,'Latisha','Leach'),
(479,'Bryan','Hipps'),
(480,'Kevin','Rodrigues'),
(481,'Lee','Rogers'),
(482,'Richard','Suhocki'),
(483,'Rishabh','Kapoor'),
(484,'Philip','Chura'),
(485,'Laura','Higgins'),
(486,'Nadeem','Younus'),
(487,'Timothy','Nicholson'),
(488,'Bernard','Morelos'),
(489,'Liang','Li'),
(490,'Robert','Prach'),
(491,'Masroor','Ahmad'),
(492,'Steven','Kephart'),
(493,'Rosie','Wilson'),
(494,'Wasif','Ayub'),
(495,'Johnny','Tucker'),
(496,'Todd','Kosterman'),
(497,'Henri','Edoh'),
(498,'Deependra','Pokhareli'),
(499,'Rushi','Raval'),
(500,'Adnan','Khan'),
(501,'Karan','Panwar'),
(502,'Nihar','Mehta'),
(503,'Pradeep','Sharma'),
(504,'Vinay','Rai'),
(505,'Sair','Sayed'),
(506,'Doug','Herold'),
(507,'Matt','Smith'),
(508,'Jeremy','Schroeder'),
(509,'Luke','Biesanz'),
(510,'Matthew','Smith'),
(511,'Daniel','Vining'),
(512,'Poomathi','Duraisamy'),
(513,'Ron','Burley'),
(514,'Joshua','Treptow'),
(515,'Ryan','Pettypool'),
(516,'Floyd','Miltz'),
(517,'Tony','Henigan'),
(518,'Allaeldin','Hassan'),
(519,'Ronda','Barnes'),
(520,'Muzzamil','Khan'),
(521,'Ty','Sloffer'),
(522,'Brandon','Walsh'),
(523,'Hyun','Jung'),
(524,'Suresh','Harikrishnan'),
(525,'Ponchito','Ignacio'),
(526,'Jason','Jackson'),
(527,'William','Tipton'),
(528,'James','Ferland'),
(529,'Thomas','Niemann'),
(530,'Maninder','Gujral'),
(531,'Claude','Hetrick'),
(532,'Kerwin','Masten'),
(533,'Ertaz','Islam'),
(534,'Jalil','Arbabshirani'),
(535,'Subramanian','Ramu'),
(536,'Shawn','Zamir'),
(537,'Jim','Latham'),
(538,'Amor','Simeon'),
(539,'Mark','Mccalla'),
(540,'Carla','Jung'),
(541,'Catherine','Zhu'),
(542,'Enrico','Cornejo'),
(543,'Christian','Suarez'),
(544,'Fariborz','Ahmadkhanlou'),
(545,'John','Tumilty'),
(546,'Rajendrasinh', 'Rajendrasinh'),
(547,'Tesfay','Sebahtu'),
(548,'Dustin','Pham'),
(549,'Jonathan','Gilmore'),
(550,'Reginald','Clarke Jr'),
(551,'Michael','Heinig'),
(552,'Ariel','Cura'),
(553,'Jonathan','Kaiser'),
(554,'Rajarajan','Rajendran'),
(555,'Mridul','Chaturvedi'),
(556,'Lynda','Ng'),
(557,'Yuh-Ryh','Liang'),
(558,'Lamson','Dang'),
(559,'Hassan','Zaki'),
(560,'Marck','Gorszwick'),
(561,'Priya','Ramanathan'),
(562,'Henry','Lau'),
(563,'Gideon','Tella'),
(564,'Grady','Imel'),
(565,'Vijay','Rudraraju'),
(566,'Shamana','Desai'),
(567,'Paul','Lopez'),
(568,'Mohammad','Shouqat'),
(569,'Yair','Dory'),
(570,'Maryanne','Lopez'),
(571,'Bruce','Burris'),
(572,'Harneet','Gill'),
(573,'Ankur','Nigam'),
(574,'Pio','Castro'),
(575,'Drew','Melby'),
(576,'Najeeb','Zubairi'),
(577,'Son','Bui'),
(578,'Dennis','Telleen'),
(579,'Mayur','Desai'),
(580,'Mudit','Gaur'),
(581,'Mohamed','Shaltot'),
(582,'Laura','Steffler'),
(583,'Afework','Kassaye'),
(584,'Vishu','Srinivasamurthy'),
(585,'Gaurav','Mathur'),
(586,'Naga','Konda'),
(587,'Roshan','Taherian'),
(588,'Michael','Chanicka'),
(589,'M','Teja'),
(590,'Isha','Satyakam'),
(591,'Bijoy','Skaria'),
(592,'Vikas','Dewangan'),
(593,'Maneesh','Gaur'),
(594,'Harish','Ramamoorthy'),
(595,'Prateek','Khanna'),
(596,'Soroush','Nasirzadeh'),
(597,'Jitendra','Asati'),
(598,'Devesh','Rangnekar'),
(599,'Jeffrey','Carr'),
(600,'Dinesh','Chilamakuri'),
(601,'Robert','Backus'),
(602,'Walid','Sabbagh'),
(603,'Ho','Namkung'),
(604,'Krishna','Chandrada'),
(605,'Mehdi','Moghaddam'),
(606,'Fokrul','Alam'),
(607,'Say','Lo'),
(608,'Michael','Waterman'),
(609,'Virginia','Macaalay'),
(610,'Dennis','Tran'),
(611,'Anup','Jha'),
(612,'Konstantin','Iliev'),
(613,'Jeffrey','Lai'),
(614,'Ashish','Sharma'),
(615,'Ashish','Chugh'),
(616,'Matthew','Witt'),
(617,'Ivan','Pham'),
(618,'Saket','Kapur'),
(619,'Hugo','Bernardo'),
(620,'Joseph','Barron'),
(621,'Jason','Ginsberg'),
(622,'Steven','Radke'),
(623,'Eric','Wong'),
(624,'Keith','Brooking'),
(625,'Rui','Guo'),
(626,'Amit','Sagar'),
(627,'Gordon','Graham'),
(628,'Manuel','Albert'),
(629,'Nav','Singh'),
(630,'Koyeli','Majumder'),
(631,'Telesphore','Pegnyemb'),
(632,'Christopher','Pol'),
(633,'Vipul','Shah'),
(634,'Arif','Malik'),
(635,'Cesar','Tansengco'),
(636,'Kamran','Khurshid'),
(637,'Naveen','Maudgal'),
(638,'Huber','Pena'),
(639,'Leandro','Recova'),
(640,'Craig','Stanziano'),
(641,'Naramsin','Tapeveri'),
(642,'Russell','Bellamy'),
(643,'Raymond','Dizon'),
(644,'Rakesh','J'),
(645,'Edwin','Javier'),
(646,'Kathleen','Abola'),
(647,'Frank','Budianto'),
(648,'Jeff','Blum'),
(649,'Tarang','Gosalia'),
(650,'Bryan','Thackwell'),
(651,'Danny','Hernandez'),
(652,'Ziad','Cheiban'),
(653,'Sweta','Iyer'),
(654,'Leijian','Liu'),
(655,'Gaurav','Kumar'),
(656,'Tyrone','Jones'),
(657,'Vid','Adiraju'),
(658,'Abdellah','Bensalmia'),
(659,'Sirish','Minapalli'),
(660,'Priya','Roy'),
(661,'Manny','Haro'),
(662,'Ameya','Ranade'),
(663,'Anthony','Camaya'),
(664,'Feng-Shih','Kao'),
(665,'John','Sullivan'),
(666,'C','Khanna'),
(667,'Amol','Bhobe'),
(668,'Aaron','Wiebe'),
(669,'Josh','Gerst'),
(670,'James','Ho'),
(671,'Troy','Bryant'),
(672,'Penumatsa','Varma'),
(673,'Donny','Bui'),
(674,'Christopher','Britt'),
(675,'Amit','Butola'),
(676,'Adam','Waite'),
(677,'Rob','Svoboda'),
(678,'Essam','Alkhadra'),
(679,'Steve','Zhu'),
(680,'Del','Calvert'),
(681,'Brian','Chavez'),
(682,'Steven','Hoang'),
(683,'Mingchun','Yang'),
(684,'Tushar','Shah'),
(685,'Henry','Hancock'),
(686,'Dominic','Martinez'),
(687,'Shafiul','Litu'),
(688,'Josef','Napuli'),
(689,'Pankaj','Goel'),
(690,'Nitin','Birote'),
(691,'Gene','Voskoboynik'),
(692,'Johnny','Mendoza'),
(693,'Satinder','Bhogal'),
(694,'Larry','Fajardo'),
(695,'Edward','Hsu'),
(696,'Sandhya','Rudraraju'),
(697,'Swati','Bhargava'),
(698,'Gaurav','Parikh'),
(699,'Jatinder','Singh'),
(700,'Andrew','Canoun'),
(701,'Jeffrey','Jablonski'),
(702,'John','Ludlow'),
(703,'Jasmine','Figueroa'),
(704,'Julio','Hernandez'),
(705,'Heidi','Payne'),
(706,'Rafiqur','Rahman'),
(707,'Lisa','Bergsholm'),
(708,'Teng','Compania'),
(709,'Carolyn','Tann'),
(710,'Rene','Valladares'),
(711,'Vu','Tran'),
(712,'Falah','Chebbo'),
(713,'Syed','Zaidi'),
(714,'Jaspal','Singh'),
(715,'Alan','Falk'),
(716,'Kittanon','Martin'),
(717,'Redford','Cruz'),
(718,'Sunil','Sudhakaran'),
(719,'Lori','Fox'),
(720,'Jeremy','Marotte'),
(721,'Michael','Downs'),
(722,'Robert','Pheasant'),
(723,'Jeff','Barrett'),
(724,'Andrew','Carter'),
(725,'Tosha','Larkin'),
(726,'Craig','Licklider'),
(727,'Igor','Zhbankov'),
(728,'John','Borjas'),
(729,'Mandeep','Tanwar'),
(730,'Vance','Mosser'),
(731,'Tuan','Tu'),
(732,'Vivek','Barnwal'),
(733,'Jyoti','Sharma'),
(734,'Donny','Brown'),
(735,'Paul','Fischer'),
(736,'Damanjit','Singh'),
(737,'Mark','Kordowski'),
(738,'Meghna','Gandhi'),
(739,'Thomas','Tsige'),
(740,'Priyanka','Sharma'),
(741,'Prashant','Kumar'),
(742,'Gregory','Thomas'),
(743,'Sue','Berger'),
(744,'Matthew','Rigney'),
(745,'Maria','Kuti'),
(746,'Mark','Glamm'),
(747,'Renee','Crider'),
(748,'Steve','Fannin'),
(749,'Kelvin','Avnukov'),
(750,'Shadi','Farasin'),
(751,'Robert','Hanna'),
(752,'Ronald','Smith'),
(753,'Steve','Dutton'),
(754,'Joseph','Lattanzio'),
(755,'Dhanashree','Bhandari'),
(756,'Syed','Nabeel'),
(757,'Lawrence','Carlisle'),
(758,'Joseph','Joyce'),
(759,'Heather','Gaebelein'),
(760,'Beth','Syrvalin'),
(761,'Raymond','Yu'),
(762,'Gurinder','Gurinder'),
(763,'Kai','Sokso'),
(764,'Anna','Lingar'),
(765,'Ed','Powell'),
(766,'Steve','Jahr'),
(767,'Tareke','Tuku'),
(768,'Kraig','Clark'),
(769,'Praveen','Yadav'),
(770,'Satish','Kolli'),
(771,'Dason','Rapp'),
(772,'Gary','Vaughan'),
(773,'Bin','Matios'),
(774,'Salahuddin','Shahzad'),
(775,'B','Schneider'),
(776,'Girma','Yilma'),
(777,'David','Brewer'),
(778,'Greg','Smith'),
(779,'Hriday','Desai'),
(780,'Eladio','Gandara'),
(781,'Nick','Doyle'),
(782,'Robert','Klanecky'),
(783,'Sakol','Ortiz'),
(784,'Steve','Decho'),
(785,'Jeff','Deck'),
(786,'Sergey','Oleynik'),
(787,'Gabriel','Poling'),
(788,'Carson','Smith'),
(789,'Jeremy','Gilbert'),
(790,'Mike','Dunn'),
(791,'Curt','Kabris'),
(792,'Jason','Kleinemas'),
(793,'Dustin','Lozinski'),
(794,'Santosh','Yadav'),
(795,'Rachan','Hr'),
(796,'Ankush','Bansal'),
(797,'Monal','Nrimanjaa'),
(798,'Ronald','Cook'),
(799,'Rodney','Bieak'),
(800,'Ramesh','Kumar'),
(801,'Pawan','Kewalramani'),
(802,'Mohamad','Bulbul'),
(803,'Brad','Kelly'),
(804,'William','Ciuffo'),
(805,'Vishal','Khosla'),
(806,'Theodore','Mccleary'),
(807,'Kenneth','Tsang'),
(808,'Avinash','Harikrishnan'),
(809,'Arun','Ramasubrahmayan'),
(810,'Clement','Poole'),
(811,'Neil','Nocete'),
(812,'Jean-Pierre','Peto'),
(813,'Lael','Lorusso'),
(814,'Frank','Puchino'),
(815,'Fathi','Zekaria'),
(816,'Richard','Fischr'),
(817,'Leland','Brown'),
(818,'Archit','Jain'),
(819,'Chris','Radley'),
(820,'Rhabigail','Hernandez'),
(821,'Tung','Vu'),
(822,'Rosario','Conelli'),
(823,'Mohd','Farhan'),
(824,'Trisha','Eslick-Davis'),
(825,'Anil','Singha'),
(826,'Richa','Upadhyay'),
(827,'Darren','Ruzicka'),
(828,'Nipu','Bakhtyar'),
(829,'Raed','Abulibdeh'),
(830,'Mohit','Sethi'),
(831,'Christopher','Wilson'),
(832,'Ray','Fought'),
(833,'Paul','Potts'),
(834,'Chad','Dagenhardt'),
(835,'Iftekhar','Hasan'),
(836,'Andrew','Mayes'),
(837,'Carolyn','Fujioka'),
(838,'Badarinath','Kidambi'),
(839,'Fong','Lo'),
(840,'Kishor','Palve'),
(841,'Mikel','Nakamoto'),
(842,'Easwar','Prasad'),
(843,'Ashish','Agrawal'),
(844,'Sujit','Kumar'),
(845,'Sukhdev','Pawar'),
(846,'Neha','Gupta'),
(847,'Donna','Valiente'),
(848,'William','Madden'),
(849,'Adam','Riley'),
(850,'Sean','Heline'),
(851,'Gary','Wild'),
(852,'Nikhil','Mali'),
(853,'Minesh','Sheth'),
(854,'Ashutosh','Chauhan'),
(855,'Amandeep','C'),
(856,'Mukesh','Kumar'),
(857,'Abhishek','Sood'),
(858,'Ajitha','Kumar'),
(859,'Dawanjeet','Bedi'),
(860,'Ravish','Gupta'),
(861,'Abhishek','Singh'),
(862,'Natalie','Noel'),
(863,'Ming','Chan'),
(864,'John','Klotsos'),
(865,'Tony','Lam'),
(866,'Abhijit','Bandivdekar'),
(867,'Shahid','Kagal'),
(868,'Omar','Delgado'),
(869,'Dominador','Galicinao'),
(870,'Shahram','Mahku'),
(871,'Lucio','Romero'),
(872,'Ritabrata','Roy'),
(873,'Ashwini','Kadaba'),
(874,'Varun','Gowda'),
(875,'Arthur','Thompson'),
(876,'Krishna','Kumar'),
(877,'Christopher','Casseles'),
(878,'Michael','Littman'),
(879,'Robert','Bertona'),
(880,'Anuj','Dutia'),
(881,'Namit','Sharma'),
(882,'Richard','Scharp'),
(883,'Garima','Upadhyaya'),
(884,'Dheeraj','Gupta'),
(885,'Sean','Reid'),
(886,'Nooshin','Zareian'),
(887,'Soufiane','Toury'),
(888,'Frances','Boschulte'),
(889,'Vishal','Mody'),
(890,'Arun','Gupta'),
(891,'Eduardo','Orellana'),
(892,'Edwin','Ortega'),
(893,'Govindarajkumar','Makhija'),
(894,'Alkesh','Amin'),
(895,'Shahid','Mirza'),
(896,'Nihar','Shah'),
(897,'Jim','Prociw'),
(898,'Wellington','Sibulo'),
(899,'Richard','Dreese'),
(900,'Frank','Zhang'),
(901,'Rahim','Lamkhidda'),
(902,'Pascal','Pascal'),
(903,'Mustafa','Bakhtyar'),
(904,'Mike','Tolbert'),
(905,'Brenden','Weeks'),
(906,'Leann','Nguyen'),
(907,'Michael','Henderson'),
(908,'Bryan','Devary'),
(909,'Jasper','Holmes'),
(910,'Ananth','Parimi'),
(911,'Craig','Rodriguez'),
(912,'Dave','Wiltshire'),
(913,'Mark','Bunnell'),
(914,'Michelle','Pinto'),
(915,'Dave','Walters'),
(916,'Joseph','Spitz'),
(917,'Edgardo','Dimagiba'),
(918,'Laarnichristine','Bugayong'),
(919,'Juanito','Carrasco'),
(920,'Qi','Zhang'),
(921,'James','Madison'),
(922,'Adam','White'),
(923,'Elizabeth','Rasoul'),
(924,'Ryan','Harsono'),
(925,'Richard','Sullivan'),
(926,'Matt','Kough'),
(927,'Michael','Hobson'),
(928,'Thomas','Ryan'),
(929,'Charles','Hockley'),
(930,'Gregory','Todd'),
(931,'Konark','Khurana'),
(932,'Steven','Vitulli'),
(933,'Anna','Xiong'),
(934,'Faouzi','Zeineddine'),
(935,'Doni','Yurgandono'),
(936,'Fotis','Karakatsoulis'),
(937,'Terrance','Kolody'),
(938,'Lawrence','Eadie'),
(939,'Jonathan','Sablan'),
(940,'Michel','Antonesco'),
(941,'Ajay','Ghanekar'),
(942,'Kaleem','Khan'),
(943,'Mobin','Shaikh'),
(944,'Fernando','Carranza'),
(945,'Armond','Nicknom'),
(946,'Leighton','Tong'),
(947,'Tom','Avakian'),
(948,'Deborah','Robinson'),
(949,'Lance','Lukens'),
(950,'Koushal','Keshri'),
(951,'Rashid','Khan'),
(952,'Nagesh','Nayak'),
(953,'Frederick','Relyea'),
(954,'Ralph','Mastrangelo'),
(955,'Brian','Sedgwick'),
(956,'Anuj','Gupta'),
(957,'Sachin','Luthra'),
(958,'Chris','Bridenbaugh'),
(959,'Arthur','Capwell'),
(960,'Shiyam','Sivagurunathan'),
(961,'Michael','Huber'),
(962,'Abhishek','Tiwari'),
(963,'Jonathan','Edwards'),
(964,'Tim','Dolan'),
(965,'Pankaj','Sabhlock'),
(966,'Ben','Floyd'),
(967,'Anthony','Tricoci'),
(968,'Charles','Fergus'),
(969,'Rigoberto','Flores'),
(970,'Preet','Kaur'),
(971,'Alma','Glinoga'),
(972,'Ahmadou','Sock'),
(973,'Dj','Kilian'),
(974,'Nurdeen','Lawal'),
(975,'Ben','Shapiro'),
(976,'Matthew','Hewitt'),
(977,'Satinderbir','Singh'),
(978,'Lehi','Montierth'),
(979,'Rina','Mhatre'),
(980,'Anand','Mehrotra'),
(981,'Alex','Bell'),
(982,'Dave','Knappert'),
(983,'Kamal','Doshi'),
(984,'Peter','Hubbard'),
(985,'Jim','Pantano'),
(986,'Richard','Kane'),
(987,'Mustafa','Cicek'),
(988,'Paul','Serrilli'),
(989,'Tamba','Kortequee'),
(990,'Michael','Pieson'),
(991,'Sael','Boga'),
(992,'Dell','Slaughter'),
(993,'Sangam','Singh'),
(994,'Moazzem','Hossain'),
(995,'Brian','Karr'),
(996,'Temple','Jones'),
(997,'James','Higgins'),
(998,'Roderick','Santiago'),
(999,'Bill','Vaughn'),
(1000,'Valencia','Baker-Ward'),
(1001,'Leaton','Jenkins'),
(1002,'William','Card'),
(1003,'Richard','Gress'),
(1004,'David','Castaneda'),
(1005,'Sarang','Ladda'),
(1006,'David','Quinlan'),
(1007,'Human','Rahmanian'),
(1008,'Brett','Lawless'),
(1009,'Michael','Casey'),
(1010,'Gary','Wester'),
(1011,'Mike','Edge'),
(1012,'Ramin','Badii'),
(1013,'Ade','Zulfikar'),
(1014,'Paul','Scott'),
(1015,'Daniel','Urie'),
(1016,'Mike','Pak'),
(1017,'Mital','Shah'),
(1018,'Siksha','Bhatia'),
(1019,'Roshan','Roy'),
(1020,'Michael','Raffa'),
(1021,'Aditya','Kumar'),
(1022,'John','Paclik'),
(1023,'Richard','Mazzeo'),
(1024,'Bryan','Grebis'),
(1025,'Thomas','Golas'),
(1026,'Manas','Panda'),
(1027,'Tim','Huynh'),
(1028,'Udayan','Udayan'),
(1029,'Michelangelo','Castiglia'),
(1030,'Arunoday','Bhattacharya'),
(1031,'Richard','Quintana'),
(1032,'Wayne','Schroeder'),
(1033,'Fasiha','Rehman'),
(1034,'Frank','Mento'),
(1035,'Mike','Ellinikos'),
(1036,'Manish','Idnani'),
(1037,'Shariq','Ashfaq'),
(1038,'Krishna','Thunga'),
(1039,'Dinesh','Bhutani'),
(1040,'Angel','Andrade'),
(1041,'Panupong','Sriautharawong'),
(1042,'Loi','Vu'),
(1043,'Thandava','Thunga'),
(1044,'Azeem','Ahmad'),
(1045,'Glenn','Pierson'),
(1046,'William','Oneill'),
(1047,'Amir','Abtahi'),
(1048,'Deepak','Gupta'),
(1049,'Yogesh','Iyer'),
(1050,'Joann','Guerra'),
(1051,'Vishal','Kataria'),
(1052,'Rhoan','Gordon'),
(1053,'Chirnav','Master'),
(1054,'Bassem','Iskander'),
(1055,'Jonathan','Go'),
(1056,'Ron','Evans'),
(1057,'Manoj','Kumar'),
(1058,'Leonid','Golonesky'),
(1059,'Joseph','Menio'),
(1060,'Jimmy','Bryant'),
(1061,'Richard','Hill'),
(1062,'Mahdura','Bhogate'),
(1063,'Vipulansh','Sharma'),
(1064,'Nikhil','Jadhav'),
(1065,'Deepak','Mattoo'),
(1066,'Bhavik','Jain'),
(1067,'Mustafa','Abdullah'),
(1068,'Hussain','Zaheer'),
(1069,'Robin','Mccoy'),
(1070,'Xue','Wang'),
(1071,'Ranjan','Fernando'),
(1072,'Stacy','Curry'),
(1073,'Dean','Watanabe'),
(1074,'Raul','Torres'),
(1075,'Maria','Peralta'),
(1076,'Chi','Van'),
(1077,'Dragisa','Miletic'),
(1078,'Gary','Johnston'),
(1079,'Alma','Swain'),
(1080,'Fouad','Boumakh'),
(1081,'Michael','Seals'),
(1082,'Michael','Roth'),
(1083,'Jaime','Mota'),
(1084,'Joseph','Jones'),
(1085,'John','Lute'),
(1086,'Manish','Chopra'),
(1087,'Andres','Mendoza'),
(1088,'Mukul','Awasthi'),
(1089,'Muthukumaraswamy','Sekar'),
(1090,'Phuc','Phan'),
(1091,'Rizwan','Muzaffar'),
(1092,'Diego','Franco'),
(1093,'Tami','Nguyen'),
(1094,'Tim','Ainsworth'),
(1095,'Thomas','Besser'),
(1096,'John','Davillier'),
(1097,'Robert','Meyers Jr'),
(1098,'Chris','Heyl'),
(1099,'David','Sawyers'),
(1100,'Russ','Chrisman'),
(1101,'Dan','Bye'),
(1102,'Ranajit','Tripathy'),
(1103,'Manisha','Phuloria'),
(1104,'Amy','Kidwell'),
(1105,'Jeff','Tomlin'),
(1106,'Dan','Vreeland'),
(1107,'Jacob','Zipprich'),
(1108,'Abhishek','Mishra'),
(1109,'James','Woolfolk'),
(1110,'Oliver','Feibel'),
(1111,'Shelli','Mueller'),
(1112,'Matt','Morian'),
(1113,'Rommel','Yazon'),
(1114,'Kip','Bynum'),
(1115,'Peggy','Lam'),
(1116,'Suraj','Jha'),
(1117,'Anil','Malviya'),
(1118,'Kevin','Reardon'),
(1119,'Abhijit','Pathak'),
(1120,'Leo','Smith'),
(1121,'Bhanu','Kakarla'),
(1122,'Richard','Beaman'),
(1123,'Craig','Queen'),
(1124,'Noel','Hansen'),
(1125,'Nancy','Clark-Breidenstein'),
(1126,'Gene','Evans'),
(1127,'Melvin','Heckart'),
(1128,'Pranav','Bhatt'),
(1129,'Avishek','Roy'),
(1130,'Milind','Dedhia'),
(1131,'Michael','Olarte'),
(1132,'Faisal','Baloch'),
(1133,'Chirag','Vyas'),
(1134,'Nu','Vue'),
(1135,'Mark','Dulniak'),
(1136,'Donald','Mack'),
(1137,'Thomas','Ulrich'),
(1138,'Sam','Patel'),
(1139,'Virgil','Banner'),
(1140,'Eric','Smith'),
(1141,'Thomas','Ellerbe'),
(1142,'Bobby','Chen'),
(1143,'Dennis','Phillips'),
(1144,'Carl','Smith'),
(1145,'Travis','Schell'),
(1146,'Chengxi','Chu'),
(1147,'Adam','Mayes'),
(1148,'Rodney','Bowers'),
(1149,'Imran','Kader'),
(1150,'Gary','Authement'),
(1151,'Rahul','Chaodhary'),
(1152,'Arpit','Srivastava'),
(1153,'Arvind','Kumar'),
(1154,'Akhilesh','Semwal'),
(1155,'Asmita','Debroy'),
(1156,'Robert','Whitted'),
(1157,'Mark','Kelly'),
(1158,'William','Blocker'),
(1159,'David','Yarber'),
(1160,'Teresita','Flores'),
(1161,'Caren','Gray-Wynn'),
(1162,'Michael','Hardy'),
(1163,'Jeffrey','Drews'),
(1164,'Timothy','Piper'),
(1165,'Michael','Lavespere'),
(1166,'Darrin','Daigle'),
(1167,'Rino','Risi'),
(1168,'Larry','Pierce'),
(1169,'Joseph','Razal'),
(1170,'Stanley','Adams'),
(1171,'Mark','Hollen'),
(1172,'Christopher','Middleton'),
(1173,'Tarun','Sethi'),
(1174,'David','Smith'),
(1175,'Rachana','Khatkhate'),
(1176,'Darrell','Glover'),
(1177,'Manuel','Baldonado'),
(1178,'Marc','Knapp'),
(1179,'Christopher','Brantley'),
(1180,'Rodolfo','Quant'),
(1181,'Ankit','Modi'),
(1182,'Narendra','Samanta'),
(1183,'Jose','Ninahauman'),
(1184,'David','Coniglio'),
(1185,'John','Kuehne'),
(1186,'William','Compton'),
(1187,'Shahali','Sharif'),
(1188,'Jason','Paulley'),
(1189,'Jason','Tyre'),
(1190,'Brandon','Mathison'),
(1191,'Ajay','Chhajed'),
(1192,'Willie','Halbert'),
(1193,'Laura','Carpenter'),
(1194,'Lee','Patterson'),
(1195,'Hank','Huang'),
(1196,'Arif','Qureshi'),
(1197,'Anibal','Ramirez'),
(1198,'Wiedy','Gunawan'),
(1199,'Richard','Brebner'),
(1200,'Evens','Michel'),
(1201,'Pratyush','Prasun'),
(1202,'Mel','Douglas'),
(1203,'Ed','Gutierrez'),
(1204,'Syed','Ahmed'),
(1205,'Leewei','Yeh'),
(1206,'Benjamin','Esteva'),
(1207,'Fred','Viernes'),
(1208,'Jebok','Kim'),
(1209,'Lowell','Kickliter'),
(1210,'Asif','Rafiq'),
(1211,'Jon','Stauffer'),
(1212,'Wayne','Jones'),
(1213,'Josue','Duverna'),
(1214,'Amad','Motazedian'),
(1215,'Rajesh','Gola'),
(1216,'Troyce','Gill'),
(1217,'Craig','Sue'),
(1218,'Youssouf','Mohamed'),
(1219,'Nathan','Fogarty'),
(1220,'Ajeesh','Mp'),
(1221,'Frank','Baylon'),
(1222,'Vincent','Caputo'),
(1223,'David','Herod'),
(1224,'Francisco','Paradas'),
(1225,'Steven','Ward'),
(1226,'Fady','Isshak'),
(1227,'Mahfuzul','Haque'),
(1228,'Shailesh','Chaurasia'),
(1229,'Raul','Ramos-Quintana'),
(1230,'Rafael','Vazquez'),
(1231,'John','Prock'),
(1232,'Simon','Zuniga'),
(1233,'Xavier','Garza'),
(1234,'Joe','Reyna Jr'),
(1235,'Richard','Craig'),
(1236,'Sriram','Ramamoorthy'),
(1237,'Mercy','Luhanga'),
(1238,'Sean','Chandler'),
(1239,'Don','Berkley'),
(1240,'Richard','Brown'),
(1241,'Sreenivas','Vemula'),
(1242,'John','Stehr'),
(1243,'Srinu','Vemula'),
(1244,'Todd','Ivie'),
(1245,'Clyde','Chappell'),
(1246,'Rachid','Fadlallah'),
(1247,'Luke','Carnagey'),
(1248,'Virender','Singh'),
(1249,'Nav','Sharma'),
(1250,'Qumars','Eghaneyan'),
(1251,'Keith','Menawi'),
(1252,'Tejinder','Singh'),
(1253,'Michael','Villa'),
(1254,'Sanjay','Shenoy'),
(1255,'Maulik','Shah'),
(1256,'Nikhil','Luthra'),
(1257,'Juan','Portillo'),
(1258,'Ivan','Burgos'),
(1259,'Swetashilpi','Ghosh'),
(1260,'Sharareh','Ekbatani'),
(1261,'Carlos','Aponte'),
(1262,'Danilo','Sabacan'),
(1263,'David','Lowe'),
(1264,'Mohammed','Jewel'),
(1265,'Amarnath','Wari'),
(1266,'Anuja','Chaand'),
(1267,'Pat','Hirst'),
(1268,'Rogelio','Legal'),
(1269,'Aditya','Kedia'),
(1270,'Hanafi','Bradai'),
(1271,'Mathew','Theisz'),
(1272,'Kabir','Aini'),
(1273,'Farid','Ardakani'),
(1274,'Vishal','Padiyar'),
(1275,'Francis','Esmi'),
(1276,'Jawad','Salah-Uddin'),
(1277,'Joseph','Go'),
(1278,'Aijaz','Yousuf'),
(1279,'Jitendra','Lathi'),
(1280,'Mark','Petersen'),
(1281,'Rayner','Sillorequez'),
(1282,'Nathan','Sutter'),
(1283,'Jarrod','Basgall'),
(1284,'Richard','Trobaugh'),
(1285,'Kevin','Foo'),
(1286,'James','Hopkins'),
(1287,'Matt','Holthe'),
(1288,'Ralph','Scopo'),
(1289,'Keenan','Hill'),
(1290,'Todd','Stone'),
(1291,'John','Bynum'),
(1292,'Birendra','Nayak'),
(1293,'Database','Dependency'),
(1294,'Adam','Gruenthal'),
(1295,'Max','Chesshir'),
(1296,'Troy','Mathieu'),
(1297,'Ashish','Tuli'),
(1298,'Tom','Peranteau'),
(1299,'Tam','Nguyen'),
(1300,'Shaunae','Trusty'),
(1301,'Lung','Chang'),
(1302,'Joe','Gonzalez'),
(1303,'Akshay','Shah'),
(1304,'Terrance','Gates'),
(1305,'Mike','Ruiz'),
(1306,'Jordan','Stoltz'),
(1307,'Daniel','George'),
(1308,'Abhishek','Kumar'),
(1309,'Mehdi','Souissi'),
(1310,'Iok','Chio'),
(1311,'Faisal','Khan'),
(1312,'Kamlesh','Mehta'),
(1313,'Isaias','Alvaran'),
(1314,'Rafi','Thajudeen'),
(1315,'Mirza','Beg'),
(1316,'Laura','Gonzalez'),
(1317,'Siddharth','Jaganath'),
(1318,'Raee','Nadkarni'),
(1319,'Yong','Chen'),
(1320,'Lajja','Bhagat'),
(1321,'Shilpa','Kowdley'),
(1322,'Bill','Fowler'),
(1323,'Kitikorn','Pipanudda'),
(1324,'Allen','Fine'),
(1325,'Allen','Anderson'),
(1326,'Nikhil','Atre'),
(1327,'Greg','Reagan'),
(1328,'Bryan','Smith'),
(1329,'Ali','Ayoub'),
(1330,'Thomas','Murray'),
(1331,'Rick','Collins'),
(1332,'Joe','Gourley'),
(1333,'Dante','Puliatti'),
(1334,'Andy','Slater'),
(1335,'Ronald','Kennedy'),
(1336,'Douglas','King'),
(1337,'Joe','Werther'),
(1338,'Maria','Martinez'),
(1339,'Matthew','Gregory'),
(1340,'Dexter','Torculas');
ALTER TABLE `User` AUTO_INCREMENT=1341;
UNLOCK TABLES;

LOCK TABLES `Timezone` WRITE;
INSERT INTO `Timezone` VALUES 
(1,'US/Central',2),
(2,'US/Pacific',5),
(3,'US/Mountain',3),
(4,'US/Eastern',1),
(5,'America/Santiago',7),
(6,'US/Arizona',4),
(7,'US/Hawaii',6),
(8,'Canada/Atlantic',8);
ALTER TABLE `Timezone` AUTO_INCREMENT=9;
UNLOCK TABLES;

LOCK TABLES `StructureType` WRITE;
INSERT INTO `StructureType` VALUES 
(1,'Self Support',NULL),
(2,'Monopole',NULL),
(3,'Guyed',NULL),
(4,'Stealth',NULL),
(5,'Rooftop',NULL),
(6,'Other',NULL),
(7,'Water Tower',NULL),
(8,'Indoor',NULL),
(9,'High-Voltage Transmission Tower',NULL),
(10,'Smokestack',NULL),
(11,'Indoor Femto',NULL),
(12,'Stealth Monopole',NULL),
(13,'Power/Telco Pole',NULL),
(14,'Billboard',NULL),
(15,'Stealth Sign',NULL);
ALTER TABLE `StructureType` AUTO_INCREMENT=16;
UNLOCK TABLES;

LOCK TABLES `RepairPriority` WRITE;
INSERT INTO `RepairPriority` VALUES 
(1,'within 1 week',5),
(2,'within 1 day',4),
(3,'within 8 hours',3),
(4,'within 4 hours',2),
(5,'within 1 hour',1);
ALTER TABLE `RepairPriority` AUTO_INCREMENT=6;
UNLOCK TABLES;

LOCK TABLES `SiteType` WRITE;
INSERT INTO `SiteType` VALUES 
(1,'Macro Site',1),
(2,'Macro Repeater',2),
(3,'In-Building Repeater',3),
(4,'DBS - BBU/DAS',6),
(5,'DBS - RFU',7),
(6,'EnterPrise Femtocell 3G',4),
(7,'Enterprise Femtocell LTE',5),
(8,'iDEN Site',8);
ALTER TABLE `SiteType` AUTO_INCREMENT=9;
UNLOCK TABLES;

LOCK TABLES `Technology` WRITE;
INSERT INTO `Technology` VALUES 
(1,'CDMA',1),
(2,'EVDO',2),
(3,'LTE',3),
(4,'NR',4);
UNLOCK TABLES;
ALTER TABLE `Technology` AUTO_INCREMENT=5;
UNLOCK TABLES;

LOCK TABLES `SectorCoverageType` WRITE;
INSERT INTO `SectorCoverageType` VALUES 
(1,'Core',1),
(2,'Fringe',2),
(3,'Undefined',3);
ALTER TABLE `SectorCoverageType` AUTO_INCREMENT=4;
UNLOCK TABLES;

LOCK TABLES `CarrierDesignation` WRITE;
INSERT INTO `CarrierDesignation` VALUES 
(1,'F1',1),
(3,'F2',2),
(4,'F3',3),
(5,'F6',6),
(7,'F4',4),
(8,'F5',5),
(12,'F7',7),
(13,'F8',8),
(14,'F11',11),
(17,'F9',9),
(18,'F10',10),
(19,'F81',81),
(20,'F0',0);
ALTER TABLE `CarrierDesignation` AUTO_INCREMENT=21;
UNLOCK TABLES;

LOCK TABLES `CarrierType` WRITE;
INSERT INTO `CarrierType` VALUES 
(1,'Traffic Carrier',1),
(3,'Beacon',5),
(4,'Traffic 800MHz Carrier',3),
(5,'Off-Air Terminated',8),
(6,'Beacon-4812',7),
(8,'Beacon-BTS',6);
alter table `CarrierType` AUTO_INCREMENT=9;
UNLOCK TABLES;

LOCK TABLES `Channel` WRITE;
INSERT INTO `Channel` VALUES (16,25),(14,50),(11,75),(15,100),(3,125),(2,150),(4,175),(1,200),(7,225),(9,250),(10,275),(40,300),(28,325),(29,350),(48,362),(31,375),(36,400),(21,425),(23,450),(22,475),(12,476),(13,487),(17,500),(18,525),(19,550),(26,575),(25,600),(24,625),(20,650),(27,675),(32,725),(30,750),(33,775),(38,825),(39,850),(37,875),(42,925),(44,950),(43,975),(45,1000),(41,1025),(8,1050),(5,1075),(46,1100),(34,1125),(35,1150),(6,1175),(47,1225);
alter table `Channel`  AUTO_INCREMENT=49;
UNLOCK TABLES;

LOCK TABLES `EquipmentVendor` WRITE;
INSERT INTO `EquipmentVendor` VALUES 
(1,'Nortel',0,1),
(2,'RFS/Cablewave',1,0),
(3,'Unknown',1,1),
(4,'COMMSCOPE',1,0),
(5,'DAPA',1,0),
(6,'Amphenol (Jaybeam)',1,0),
(7,'Powerwave',1,0),
(8,'Decibel',1,0),
(9,'KMW Microwave',1,0),
(10,'Samsung',0,1),
(11,'Scala',1,0),
(12,'ALLGON',1,0),
(13,'Lucent',0,1),
(14,'IN-BUILDING DAS',1,0),
(15,'Motorola',0,1),
(16,'Unknown - NV',1,0),
(17,'Cushcraft',1,0),
(18,'Andrew',1,0),
(19,'SWEDCOM',1,0),
(20,'Ball',1,0),
(21,'CSA WIRELESS',1,0),
(22,'Amphenol Antenna',1,0),
(23,'Vendor TBD',1,0),
(25,'PHAZAR',1,0),
(26,'CELWAVE',1,0),
(27,'THALES (RACAL)',1,0),
(28,'HUBER SUHNER',1,0),
(29,'Antel',1,0),
(30,'Kathrein-Scala',1,0),
(31,'Jaybeam Wireless',1,0),
(32,'Cell Max Technologies',1,0),
(33,'EMS Wireless',1,0),
(34,'COMTELCO',1,0),
(35,'LGC',1,0),
(36,'ADRF',1,0);
alter table `EquipmentVendor` AUTO_INCREMENT=37;
UNLOCK TABLES;

LOCK TABLES `EquipmentModel` WRITE;
INSERT INTO `EquipmentModel` VALUES 
(1,1,'METROCELL'),
(2,1,'MINI METROCELL'),
(3,1,'COMPACT'),
(4,1,'MULTI-MODAL'),
(5,15,'4812T'),
(6,15,'4812ET'),
(7,15,'SC4812ETL'),
(8,15,'SC4812TK'),
(9,15,'OUTDOOR UBS'),
(10,15,'INDOOR UBS'),
(11,15,'SC300'),
(12,15,'SC480'),
(13,13,'RRH-ALU'),
(14,13,'MODCELL'),
(15,13,'MODCELL 1.0'),
(16,13,'MODCELL 2.0'),
(17,13,'MODCELL 3.0'),
(18,13,'MODCELL 4.0'),
(19,13,'MINICELL'),
(20,13,'MICROCELL'),
(21,13,'DBS'),
(21,13,'MULTI-MODAL'),
(23,10,'MULTI-MODAL');
alter table `EquipmentModel` AUTO_INCREMENT=24;
UNLOCK TABLES;


LOCK TABLES `Msc` WRITE;
INSERT INTO `Msc` VALUES (1,'ATLNGAUS-MSCE-1','ATLNGAUSCM0',1),(2,'NSVLTN17-MSCE-1','NSVLTN17CM0',1),(3,'CHYNWY07-MSCE-1','CHYNWY07-MSCE-1',10),(4,'FTWOTX52-MSCE-1','FTWOTX52CM0',1),(5,'PHNFAZFX-MSCE-1','PHNFAZFXCM0',1),(6,'PHNZAZNN-MSCE-1','PHNZAZNN00W',13),(7,'GNVLSCLL-MSCE-1','GNVLSCLL00W',13),(8,'ATL-ROSWELL-MSC_2','RSWLGADICM3',1),(9,'ATL-NORCROSS-MSC_1','NRCSGAHHCM0',1),(10,'ATL-ROSWELL-MSC_1','RSWLGADICM2',1),(11,'CIN-SHARONVILLE-MSC_1','SHAVOHDYCM0',15),(12,'BTVLMDCK-MSCE-1','BTVLMDCK00W',13),(13,'JAX-JACKSONVILLE-MSC_1','JCVMFLLICM1',1),(14,'FTWOTX52-MSCE-2','FTWOTX52CM1',1),(15,'AUS-AUSTIN-MSC_1','AUSUTXZMCM0',1),(16,'AUS-AUSTIN-MSC_2','AUSUTXZMCM2',1),(17,'HSTNTXHN-MSCE-2','HSTNTXHNCM1',1),(18,'DAL-FT._WORTH-MSC_1','FTWPTXNLCM0',1),(19,'LUB-LUBBOCK-MSC_1','LBCKTXUHCM0',1),(20,'DAL-DALLAS-MSC_2','DLLCTXIKCM1',1),(21,'HSTNTXHN-MSCE-1','HSTNTXHNCM0',1),(22,'SA-SCHERTZ-MSC_1','SCHZTXCKCM0',1),(23,'HOU-FALLSTONE-MSC_2','HSTSTXGUCM1',1),(24,'SA-SAN_ANTONIO-MSC_1','SNANTXFXCM0',1),(25,'HNVAMDAY-MSCE-1','HNVAMDAY03W',13),(26,'DC-HANOVER-MSC_1','HNVAMDAY00W',13),(27,'EKRGMD92-MSCE-1','EKRGMD9200W',13),(28,'PHL-PHILADELPHIA-MSC_2','PHLAPAFG24W',13),(29,'PHLAPAFG-MSCE-1','PHLAPAFG25W',13),(30,'A2-EDN-EDINBURG-MSC_1','EDBGVAXA34W',13),(31,'DC-BELTSVILLE-MSC_2','BTVLMDCK01W',13),(32,'ALBYNYKJ-MSCE-1','ALBYNYKJ00W',13),(33,'WOBNMACG-MSCE-1','WOBNMACG00W',13),(34,'WLPLMAAL-MSCE-1','WLPLMAAL00W',13),(35,'WLFRCTXB-MSCE-1','WLFRCTXB00W',13),(36,'BOS-WOBURN-MSC_2','WOBNMACG01W',13),(37,'CHR-CHARLOTTE-MSC_1','CHRXNC73CM0',15),(38,'CHRXNC73-MSCE-1','CHRXNC73-MSCE-1',13),(39,'MRVLNCAV-MSCE-1','MRVLNCAV',13),(40,'RAL-MORRISVILLE-MSC_2','MRVLNCAVCM3',15),(41,'A7-WAY-WAYNESBORO-MSC_1','WYBOVAXYCM0',13),(42,'AKRNOHIJ-MSCE-2','AKRNOHIJ-MSCE-2',10),(43,'ERI-ERIE-MSC_1','ERIEPAUHCM0',1),(44,'A7-CHA-CHARLESTON-MSC_1','CHTNWVBMCM2',13),(45,'PIT-PITTSBURGH-MSC_2','PITBPAWO00W',13),(46,'TACMWA44-MSCE-1','TACMWA44-MSCE-1',10),(47,'SEA-REDMOND-MSC_2','RDMDWAJE01W',13),(48,'SKTNCAUT-MSCE-1','SKTNCAU-MSCE-01',10),(49,'SEA-REDMOND-MSC_1','RDMDWAJE00W',13),(50,'AKRNOHIJ-MSCE-1','AKRNOHIJ-MSCE-1',10),(51,'RCMEVALT-MSCE-1','RCMEVALT-MSCE-1',13),(52,'SA-SAN_ANTONIO-MSC_2','SNANTXFXCM2',1),(53,'CHCGILFF-MSCE-1','CHCGILFFCM1',10),(54,'FW-FORT_WAYNE-MSC_1','FTWZINDWCM0',1),(55,'CHI-ARLINGTON-MSC_2','ARLHILJQCM2',15),(56,'CHI-BRIDGEVIEW-MSC_2','BRDVILBOCM1',15),(57,'CHI-AURORA-MSC_1','AURRILVNCM0',15),(58,'CHI-BRIDGEVIEW-MSC_1','BRDVILBOCM0',15),(59,'CHI-ARLINGTON-MSC_1','ARLHILJQCM0',15),(60,'MIL-NEW_BERLIN-MSC_1','NWBLWIDPCM0',13),(61,'MIL-NEW_BERLIN-MSC_2','NWBLWIDPCM1',13),(62,'OMAHNELV-MSCE-1','OMAHNELV-MSCE-1',10),(63,'SRA-ALLTEL-FAR MSC_1','WFRGNDWB1KD',13),(64,'CLB-COLUMBIA-MSC_2','CLMBSCCI02W',13),(65,'CLMBSCCI-MSCE-1','CLMBSCCI00W',13),(66,'GRN-GREENVILLE-MSC_2','GNVLSCLL01W',13),(67,'LON-LONDONDERRY-MSC_1','LDRYNHEM00W',13),(68,'DC-BELTSVILLE-MSC_3','BTVLMDCK02W',13),(69,'RIC-RICHMOND-MSC_1','RCMEVALTCM0',15),(70,'A2-BRK-BROOKINGS-MSC_1','BKNGSDXCCM1',1),(71,'KSCYMOEC-MSCE-1','KSCYMOECCM0',1),(72,'KNT-KENTWOOD-MSC_1','KNWDMIJD00W',1),(73,'DET-LANSING-MSC_1','LNNGMI5500W',13),(74,'LAN-LANSING-MSC_2','LNNGMI5501W',13),(75,'NSVLTN17-MSCE-2','NSVLTN17CM1',1),(76,'STL-MARYLAND_HEIGHTS-MSC_2','MRHGMOCJCM3',1),(77,'LOU-LOUISVILLE-MSC_1','LSVLKYZLCM2',1),(78,'DAV-DAVENPORT-MSC_1','DVNPIAHQCM0',1),(79,'KSCYMOEC-MSCE-2','KSCYMOECCM1',1),(80,'SF-OAKLAND-MSC_1','OKLDCA6100W',13),(81,'SF-SANTA_ROSA-MSC_1','SNRSCARN00W',13),(82,'SF-BRISBANE-MSC_2','BRSBCABE01W',13),(83,'SF-BRISBANE-MSC_1','BRSBCABE00W',13),(84,'ONTRCAOI-MSCE-1','ONTRCAOI00W',13),(85,'LA-ONTARIO-MSC_2','ONTRCAOI01W',13),(86,'CRLSCAKZ-MSCE-1','CRLSCAKZ00W',13),(87,'IRVNCAAG-MSCE-1','IRVNCAAG02W',13),(88,'LA-IRVINE-MSC_1','IRVNCAAG01W',13),(89,'PRT-TIGARD-MSC_1','TGRDORDO00W',13),(90,'SFSPCAPO-MSCE-1','SFSPCAPO00W',13),(91,'BRBNCAIZ-MSCE-1','BRBNCAIZ01W',13),(92,'FRN-FRESNO-MSC_1','FRSNCA7200W',13),(93,'LA-BURBANK-MSC_2','BRBNCAIZ02W',13),(94,'LA-SANTA_FE_SPRINGS-MSC_1','SFSPCAPO00Wx',13),(95,'IND-INDIANAPOLIS-MSC_1','IPLTINWBCM0',1),(96,'CLV-CLEVELAND-MSC_1','CLEWOH20CM0',15),(97,'DEN-ENGLEWOOD-MSC_2','ENWDCO6900W',13),(98,'DEN-ENGLEWOOD-MSC_1','ENWDCO6901W',13),(99,'BYMNPRAG-MSCE-1','BYMNPRAG-MSCE-1',10),(100,'COL-WORTHINGTON-MSC_1','WOTNOHDTCM0',15),(101,'STC-ST_CLOUD-MSC_1','STCDMNUCCM4',1),(102,'PHNFAZFX-MSCE-2','PHNFAZFXCMO',13),(103,'DET-DETROIT-MSC_1','DTRTMIPM14W',13),(104,'DET-DETROIT-MSC_2','DTRTMIPM15W',13),(105,'HON-MOANALUA-MSC_1','MLUAHIAKCM0',15),(106,'MLUAHIAK-MSCE-1','MLUAHIAKD03',13),(107,'NYQPNYUA-MSCE-1','NYQPNYUA01W',13),(108,'WBYNNYAK-MSCE-1','WBYNNYAK00W',13),(109,'NY-WESTBURY-MSC_2','WBYNNYAK00Wx',13),(110,'SPK-SPOKANE-MSC_1','SPKNWAGQ00W',13),(111,'NOR-NORFOLK-MSC_1','NRFMVAJACM0',15),(112,'NRFMVAGH-MSCE-1','NRFMVAGH-MSCE-1',13),(113,'RAL-MORRISVILLE-MSC_1','MRVLNCAVCM0',15),(114,'PHX-PHOENIX-MSC_2','PHNZAZNN02W',13),(115,'SNDHCAXP-MSCE-1','SNDHCAXP00W',13),(116,'SD-CARLSBAD-MSC_2','CRLSCAKZ01W',13),(117,'ALB-ALBANY-MSC_2','ALBYNYKJ01W',13),(118,'ROC-ROCHESTER-MSC_1','ROCHNYAG00W',13),(119,'BBTPNJBR-MSCE-1','BBTPNJBR00W',13),(120,'PNSKNJAF-MSCE-1','PNSKNJAF00W',13),(121,'PHL-PENNSAUKEN-MSC_2','PNSKNJAF01W',13),(122,'BOI-BOISE-MSC_1','BOITIDAR00W',13),(123,'SLC-SALT_LAKE_CITY-MSC_1','SLKDUTGN00W',13),(124,'ORLDFLWR-MSCE-2','ORLDFLWRCM1',1),(125,'SAC-SACRAMENTO-MSC_1','SCRMCAXJ00W',13),(126,'RNO-RENO-MSC_1','RENPNVAT00W',13),(127,'TTBONJ12-MSCE-1','TTBONJ1201W',13),(128,'HRSNNJAQ-MSCE-1','HRSNNJAQ00W',13),(129,'NYCMNY83-MSCE-1','NYCMNY8324W',13),(130,'NY-TETERBORO-MSC_1','TTBONJ1200W',13),(131,'PIT-PITTSBURGH-MSC_1','PITBPAWO01W',13),(132,'LSVHNVCI-MSCE-1','LSVHNVCI00W',13),(133,'ATLNGAUS-MSCE-2','ATLNGAUSCM1',1),(134,'NO-HAMMOND-MSC_1','HMNDLAGWCM0',1),(135,'MEM-MEMPHIS-MSC_1','MMPJTNSGCM0',1),(136,'NO-HAMMOND-MSC_2','HMNDLAGWCM1',1),(137,'BR-BATON_ROUGE-MSC_1','BTRGLAKZCM2',1),(138,'KC-INDEPENDENCE-MSC_1','INDPMOCJCM0',1),(139,'KC-LENEXA-MSC_1','LENXKSGOCM0',1),(140,'KC-LENEXA-MSC_2','LENXKSGOCM1',1),(141,'STL-MARYLAND_HEIGHTS-MSC_1','MRHGMOCJCM0',1),(142,'BUF-CHEEKTOWAGA-MSC_1','CHKTNYFU00W',13),(143,'DSM-URBANDALE-MSC_1','URDLIACBCM1',1),(144,'DAL-FT._WORTH-MSC_3','FTWPTXNLCM3',1),(145,'HOU-FALLSTONE-MSC_1','HSTSTXGUCM0',1),(146,'CLM-COLUMBUS-MSC_1','CLMBGADH12W',13),(147,'MTG-MONTGOMERY-MSC_1','MTGMALUECM0',1),(148,'MIAUFLWS-MSCE-1','MIAUFLWSCM0',1),(149,'ORL-ORLANDO-MSC_2','ORLEFLKTCM1',1),(150,'ORLDFLWR-MSCE-1','ORLDFLWRCM0',1),(151,'TAM-TAMPA-MSC_1','TAMQFLHUCM0',1),(152,'MIN-MINNEAPOLIS-MSC_1','MPLSMNCDCM0',10),(153,'MIN-MINNEAPOLIS-MSC_2','MPLSMNCDCM1',1),(154,'RGV-MCALLEN-MSC_1','MCALTXNTCM0',1),(155,'SF-SANTA_CLARA-MSC_1','SNTDCAIK00W',13),(156,'MIA-MIAMI-MSC_1','MIAMFLYJCM2',1),(157,'FM-FORT_MYERS-MSC_1','FTMYFLKSCM0',1),(158,'PR-BAYAMON-MSC_1','BYMNPRAGCM0',10),(159,'DAL-FT._WORTH-MSC_2','FTWPTXNLCM2',1),(160,'OKC-OKLAHOMA_CITY-MSC_1','OKCYOKXDCM0',1),(161,'MIA-MIAMI-MSC_2','MIAMFLYJCM5',1),(162,'MIA-DEERFIELD-MSC_1','DRBHFLDFCM2',1),(163,'ORL-ORLANDO-MSC_1','ORLEFLKTCM0',1),(164,'NY-MANHATTAN-MSC_1','NYCMNY8313W',13),(165,'HOU-WESTLAND-MSC_1','HSTHTXENCM0',1),(166,'HOU-WESTLAND-MSC_2','HSTHTXENCM1',1),(167,'DAL-DALLAS-MSC_1','DLLCTXIKCM0',1),(168,'KNX-KNOXVILLE-MSC_1','KNVLTNTWCM0',15),(169,'JC-JOHNSON_CITY-MSC_1','JHCYTNDJCM0',1),(170,'NAS-NASHVILLE-MSC_1','NSVMTNDBCM2',1),(171,'NO-KENNER-MSC_1','KNNRLABHCM1',1);
ALTER TABLE `Msc` AUTO_INCREMENT=172;
UNLOCK TABLES;

LOCK TABLES equipment_statuses WRITE;
INSERT INTO equipment_statuses VALUES (1,'On Air',1),(3,'Planning',2),(5,'Special Event-On Air',4),(6,'Special Event-Off Air',5),(7,'Planning-E911',3),(8,'Retired',6);
alter table equipment_statuses AUTO_INCREMENT=9;
UNLOCK TABLES;

LOCK TABLES equipment_sw_loads WRITE;
INSERT INTO equipment_sw_loads VALUES (42,'00.00.00.00'),(45,'1'),(7,'18.0.4'),(24,'18.0.6'),(68,'19.11'),(71,'2.24.0.20.12'),(57,'20.11'),(56,'22.01'),(16,'22.02'),(75,'23.02'),(29,'24.03'),(62,'26.01'),(87,'26.02'),(86,'26.03'),(54,'27.00'),(58,'27.01'),(15,'27.02'),(35,'28.00'),(33,'28.02'),(61,'29.00'),(31,'29.02'),(60,'29.12'),(85,'30.00'),(49,'30.12'),(48,'31.00'),(78,'31.11'),(79,'31.14'),(34,'32.03'),(38,'33.05'),(47,'35.00'),(63,'35.01'),(36,'35.03'),(32,'37.00'),(67,'37.10'),(90,'38.00'),(53,'38.03'),(46,'38.07'),(59,'5E14'),(98,'bts1702'),(8,'bts1804'),(77,'BTS1804BJ_R00_BLK_CM.CAT'),(23,'BTS1804PR_R01.CAT'),(5,'BTS1804PX_R01.CAT'),(92,'BTS1806HR_R02.CAT'),(25,'BTS1806LI_R01.CAT'),(93,'BTS1806MF_R01.CAT'),(11,'BTS1806MF_R03.CAT'),(6,'BTS1806MF_R04.CAT'),(3,'BTS1808CB_R02.CAT'),(2,'BTS1808CO_R01.CAT'),(84,'F3203'),(66,'F3712'),(30,'F3807'),(72,'F3810'),(44,'F3901'),(94,'F4011'),(28,'F4012'),(26,'F4020'),(82,'F4030'),(14,'F4031'),(22,'NBSS 13.0.1'),(18,'NBSS 14.0.1'),(96,'NBSS 14.0.3'),(20,'NBSS 15.0'),(91,'NBSS 15.0.13'),(43,'NBSS 15.0.15'),(76,'NBSS 16.0'),(80,'NBSS 16.0.5'),(19,'NBSS 16.0.6'),(65,'NBSS 16.0.9'),(9,'NBSS 17.0.2'),(64,'NBSS 17.0.2 R04'),(4,'NBSS17'),(17,'NBSS17.0'),(21,'NBSS17.0.2'),(10,'NBSS17.97'),(12,'NBSS18'),(1,'Not in NRM'),(27,'PLACEHOLDER'),(81,'R16.0'),(83,'R16.5'),(41,'R17.0'),(40,'R18.0'),(73,'R19'),(52,'R19.0'),(50,'R20.0'),(74,'R21.0'),(70,'R22.0'),(51,'R23'),(39,'R24'),(13,'R24.0'),(88,'R35.00'),(89,'R35.01'),(37,'R35.03'),(55,'R39'),(95,'SBSS05.2 AH'),(69,'UNKNOWN'),(97,'X');
alter table equipment_sw_loads AUTO_INCREMENT=99;
UNLOCK TABLES;







LOCK TABLES `Region` WRITE;
INSERT INTO `Region` VALUES 
(4,'Affiliate'),
(5,'IPCS'),
(3,'Northeast'),
(1,'South'),
(2,'West');
alter table `Region` AUTO_INCREMENT=6;
UNLOCK TABLES;

LOCK TABLES `L4Market` WRITE;
INSERT INTO `L4Market` (`id`,`regionId`, `name`) VALUES 
(1,1,'Southeast'),
(2,2,'Upper Mid-Northwest'),
(3,2,'Desert Mountain'),
(4,1,'Texas'),
(5,1,'Plains'),
(6,1,'Carolinas'),
(7,3,'OH-IN-MI'),
(8,3,'BAWA'),
(9,3,'New England - Upstate NY'),
(10,1,'Midsouth'),
(11,1,'Florida'),
(12,3,'PA_SNJ_DE'),
(13,4,'Affiliate'),
(14,5,'IPCS'),
(15,2,'LA Las Vegas'),
(16,3,'New York New Jersey'),
(17,3,'WILL'),
(18,2,'Hawaii'),
(19,2,'Northern California'),
(20,2,'Southern California');
alter table `L4Market` AUTO_INCREMENT=21;
UNLOCK TABLES;

LOCK TABLES `L5Market` WRITE;
INSERT INTO `L5Market` (`id`,`l4MarketId`, `name`) VALUES (1,1,'Georgia/Atlanta-Athens'),(2,1,'Alabama'),(3,2,'Minnesota'),(4,3,'New Mexico Utah'),(5,4,'Austin/West Texas'),(6,3,'Arizona'),(7,5,'Arkansas/Oklahoma'),(8,6,'South Carolina/GA-SC Coast'),(9,1,'Atlanta'),(10,7,'Cincinnati'),(11,8,'Washington DC'),(12,1,'Jacksonville'),(13,5,'E. Kentucky/W. Kentucky/Memphis'),(14,9,'NE MASS-VT-NH-ME'),(15,8,'Southern VA'),(16,10,'Houston'),(17,4,'DFW'),(18,6,'Charlotte/Winston-Salem'),(19,11,'Miami'),(20,4,'South Texas/San Antonio'),(21,8,'Baltimore'),(22,12,'EPA_SNJ_DE_CDMA'),(23,13,'Affiliate'),(24,9,'CT-WMASS'),(25,9,'Boston Core'),(26,9,'RI-SE MASS'),(27,9,'Upstate NY'),(28,14,'IPCS'),(29,7,'Indiana'),(30,5,'Missouri'),(31,2,'Iowa-Nebraska'),(32,15,'Los Angeles - North'),(33,16,'New Jersey'),(34,16,'Bronx_LHV'),(35,17,'Illinois North'),(36,17,'Chicago Core'),(37,17,'Illinois South'),(38,17,'MI-IL-WI'),(39,5,'Kansas'),(40,7,'Columbus'),(41,7,'Cleveland'),(42,7,'South Detroit'),(43,12,'Pittsburgh'),(44,3,'Colorado'),(45,5,'Nashville'),(46,7,'North Detroit'),(47,7,'West Michigan'),(48,10,'Houston-Louisiana'),(49,6,'Myrtle Beach/Raleigh-Durham'),(50,1,'Gulf Coast/The Panhandle'),(51,10,'Mississippi/New Orleans'),(52,11,'South West Florida/Tampa'),(53,18,'Hawaii'),(54,2,'Oregon/East Washington'),(55,2,'West Washington'),(56,11,'Orlando'),(57,15,'Los Angeles - East'),(58,15,'Los Angeles - South'),(59,19,'Central Valley'),(60,20,'Orange County-San Bernandino'),(61,20,'SD North'),(62,15,'Las Vegas'),(63,16,'Long Island_Eastern BQ'),(64,5,'East KY/West KY/Memphis'),(65,11,'N Miami/Puerto Rico'),(66,17,'Milwaukee'),(67,16,'Manhattan_Western BQ'),(68,8,'Northern VA'),(69,20,'SD South-Riverside'),(70,19,'Sf Bay'),(71,19,'South Bay');
alter table `L5Market` AUTO_INCREMENT=72;
UNLOCK TABLES;

LOCK TABLES market99s WRITE;
INSERT INTO market99s VALUES (1,'Alabama',1),(6652,'Albuquerque',2),(6653,'Arkansas',1),(6654,'Atlanta / Athens',1),(6655,'Austin',1),(6656,'Baltimore',3),(6657,'Boston',3),(6658,'Buffalo',3),(6659,'Central Illinois',5),(6660,'Central Iowa',2),(6661,'Central Jersey',2),(6662,'Central Pennsylvania',3),(6663,'Charlotte',1),(6664,'Chicago',3),(6665,'Cincinatti',3),(6666,'Cleveland',3),(6667,'Colorado',2),(6668,'Columbus',5),(6669,'Dakotas',4),(6670,'Delaware',3),(6671,'DFW',1),(6672,'East Iowa',3),(6673,'East Kentucky',4),(6674,'East Michigan',3),(6675,'East Texas',1),(6676,'Ft Wayne / South Bend',3),(6677,'GA / SC Coast',3),(6678,'Georgia',1),(6679,'Gulf Coast',1),(6680,'Hawaii',2),(6681,'Houston',1),(6682,'Idaho',2),(6683,'Indianapolis',3),(6684,'Inland Northwest',3),(6685,'Jacksonville',1),(6686,'Kansas',4),(6687,'LA Metro',2),(6688,'Las Vegas',2),(6689,'Long Island',3),(6690,'Louisisana',1),(6691,'Lower Central Valley',2),(6692,'Memphis',1),(6693,'Miami / West Palm',1),(6694,'Milwaukee',3),(6695,'Minnesota',2),(6696,'Mississippi',1),(6697,'Missouri',5),(6698,'MT / WY',4),(6699,'Myrtle Beach',1),(6700,'Nashville',1),(6701,'New Orleans',1),(6702,'New York',3),(6703,'Norfolk',1),(6704,'North LA',1),(6705,'North Wisconsin',3),(6706,'Northern Connecticut',3),(6707,'Northern Jersey',3),(6708,'Oklahoma',1),(6709,'Orange County',2),(6710,'Oregon / SW Washington',2),(6711,'Orlando',1),(6712,'Philadelphia',3),(6713,'Phoenix',2),(6714,'Pittshburgh',3),(6715,'PR / VI',1),(6716,'Providence',3),(6717,'Raleigh-Durham',1),(6718,'Richmond',3),(6719,'Rochester',3),(6720,'Riverside / San Bernadino',2),(6721,'San Antonio',1),(6722,'San Diego',2),(6723,'SF Bay',2),(6724,'South Bay',2),(6725,'South Carolina',1),(6726,'South Texas',1),(6727,'Southwest Florida',1),(6728,'Southern Connecticut',3),(6729,'Southern Jersey',3),(6730,'Southern Virginia',4),(6731,'Tampa',1),(6732,'The Panhandle',1),(6733,'Toledo',5),(6734,'Tucson / Yuma',2),(6735,'Upper Central Valley',1),(6736,'Upstate NY Central',3),(6737,'Upstate NY East',3),(6738,'Utah',2),(6739,'VT / NH / ME',3),(6740,'Washington',3),(6741,'West Iowa / Nebraska',4),(6742,'West Kentucky',5),(6743,'West Michigan',5),(6744,'West Texas',1),(6745,'West Virginia',5),(6746,'West Washington',2),(6747,'Western Pennsylvania',5),(6748,'Winston-Salem',1);
alter table market99s AUTO_INCREMENT=6749;
UNLOCK TABLES;

LOCK TABLES org_clusters WRITE;
INSERT INTO org_clusters VALUES (31,1,'5'),(30,1,'6'),(1,1,'Enterprise'),(33,1,'Macon'),(11,1,'Norcross'),(10,2,'Central Alabama'),(2,2,'East Alabama'),(4,2,'Montgomery'),(7,2,'Nascar'),(3,2,'North Alabama'),(9,2,'Northwest Birmingham'),(12,2,'Noth Alabama'),(5,2,'South Alabama'),(6,2,'Southeast Birmingham'),(13,2,'Toy Cell'),(8,2,'West Alabama'),(505,3,'Adam Barlau'),(502,3,'Andy Stump'),(489,3,'Audre Curl'),(501,3,'Ben Vigdal'),(490,3,'Brad Bromenschenkel'),(506,3,'Dan Swee'),(497,3,'Dave Nagel'),(500,3,'Dave Slininger'),(239,3,'John Loven'),(496,3,'Josh Fellersen'),(241,3,'Justin McCollum'),(498,3,'Kevin Flowers'),(499,3,'Mark Kadlec'),(243,3,'Marshall Carlson'),(503,3,'Mike Smith'),(507,3,'Mitch Soleim'),(495,3,'Mitch Taranto'),(488,3,'Paul Helgerson'),(240,3,'Ryan Judd'),(242,3,'Shane Kiland'),(244,3,'St Cloud'),(14,3,'Terry Bourassa'),(504,3,'Terry Carlson'),(245,3,'Trevor Duevel'),(494,3,'Twin Cities'),(19,4,'Albuquerque'),(260,4,'Davis / Weber / Morgan Co.'),(15,4,'El Paso'),(853,4,'North Salt Lake / West I80'),(322,4,'South Central Idaho'),(855,4,'South Salt Lake'),(321,4,'Southeast Idaho-Northern Utah'),(854,4,'Southern Utah'),(235,4,'Southwest Idaho'),(323,4,'Utah / Summit Co. / Uinta Basin'),(49,5,'A1B1'),(50,5,'A1B2'),(47,5,'A2B1'),(48,5,'A2B2'),(872,5,'Abilene'),(17,5,'Amarillo'),(44,5,'AUS_A1B1'),(45,5,'AUS_A1B2'),(43,5,'AUS_A2B1'),(46,5,'AUS_A2B2'),(873,5,'Big Spring'),(56,5,'Brownwood'),(18,5,'Clovis'),(55,5,'I-10'),(16,5,'Lubbock'),(51,5,'Midland'),(871,5,'Odessa'),(870,5,'Plainview'),(874,5,'San Angelo'),(20,6,'Flagstaff/Yuma'),(256,6,'Phoenix Central'),(657,6,'Phoenix E Central'),(654,6,'Phoenix NE Central'),(660,6,'Phoenix North'),(658,6,'Phoenix SE'),(655,6,'Phoenix SW Central'),(656,6,'Phoenix W Central'),(659,6,'Tucson North'),(662,6,'Tucson South'),(616,7,'Cluster 1'),(615,7,'Cluster 2'),(617,7,'Cluster 3'),(618,7,'Cluster 4'),(224,7,'Cluster 5'),(24,7,'Little Rock'),(23,7,'New Sites'),(21,7,'Northwest Arkansas'),(22,7,'South Arkansas'),(619,7,'Tulsa Core'),(25,8,'SC Augusta'),(53,8,'SC Greenville'),(284,8,'SC Low Country Northeast'),(283,8,'SC Palmetto Northeast'),(282,8,'SC Palmetto West'),(281,8,'SC Savannah South'),(807,8,'SC Upstate East'),(34,8,'SC Upstate West'),(27,9,'1'),(32,9,'2'),(28,9,'3'),(29,9,'4'),(26,9,'Roswell'),(210,10,'1'),(209,10,'353'),(208,10,'354'),(207,10,'365'),(35,10,'366'),(860,11,'Alexandria/Anacostia'),(72,11,'Olney'),(69,11,'Prince Georges - Central'),(857,11,'Rockville/Gaithersburg/Germantown'),(36,11,'Silver Spring/Langley Park/Laurel'),(366,12,'Daytona'),(285,12,'GA Sites'),(364,12,'Gainesville'),(37,12,'Jacksonville'),(363,12,'Jax BSC2'),(365,12,'North'),(864,13,'Bownling Green'),(258,13,'East Kentucky Orbit #1'),(259,13,'East Kentucky Orbit #2'),(863,13,'Evansville'),(448,13,'Jonesboro'),(215,13,'Louisville'),(38,13,'Memphis North'),(39,13,'Memphis South'),(865,13,'Owensboro'),(866,13,'Paducah'),(867,13,'West Kentucky Orbit #2'),(856,14,'ME'),(81,14,'NE Inland MA'),(79,14,'NE Shore MA'),(40,14,'NH'),(90,14,'VT'),(594,15,'Norfolk East'),(596,15,'Norfolk NE'),(595,15,'Norfolk West'),(705,15,'Richmond Central'),(41,15,'Richmond North'),(573,15,'Richmond South'),(42,16,'Bryan-College Station'),(320,16,'Core NorthWest'),(319,16,'Core SouthWest'),(313,16,'Core West'),(317,16,'Medical Center'),(315,16,'North Central'),(59,16,'Outter SouthWest'),(60,16,'Outter West'),(318,16,'South Central'),(58,17,'DA1B1'),(52,17,'DA1B2'),(248,17,'DA2B1'),(250,17,'DA2B2'),(57,17,'FW1B1'),(253,17,'FW1B2'),(249,17,'FW2B1'),(247,17,'FW2B2'),(251,17,'FW3B1'),(252,17,'FW3B2'),(254,17,'Zone1'),(149,18,'CLT-01'),(152,18,'CLT-02'),(150,18,'CLT-03'),(153,18,'CLT-04'),(157,18,'CLT-05'),(151,18,'CLT-06'),(155,18,'CLT-07'),(154,18,'CLT-08'),(159,18,'CLT-09'),(161,18,'CLT-10'),(146,18,'CLT-11'),(144,18,'CLT-12'),(143,18,'CLT-13'),(145,18,'CLT-14'),(156,18,'CLT-15'),(147,18,'CLT-16'),(158,18,'CLT-17'),(162,18,'CLT-18'),(148,18,'CLT-19'),(163,18,'CLT-20'),(141,18,'CLT-21'),(54,18,'CLT-22'),(140,18,'CLT-23'),(142,18,'CLT-24'),(165,18,'CLT-25'),(138,18,'CLT-26'),(137,18,'CLT-27'),(135,18,'CLT-28'),(136,18,'CLT-29'),(139,18,'CLT-30'),(160,18,'Toy Cells'),(882,18,'WS-01'),(887,18,'WS-02'),(682,18,'WS-03'),(886,18,'WS-04'),(888,18,'WS-05'),(883,18,'WS-06'),(892,18,'WS-07'),(884,18,'WS-08'),(889,18,'WS-09'),(890,18,'WS-10'),(891,18,'WS-11'),(164,18,'WS-12'),(704,18,'WS-13'),(681,18,'WS-14'),(885,18,'WS-15'),(464,19,'1'),(449,19,'2'),(463,19,'3'),(61,19,'4'),(466,19,'5'),(717,20,'1'),(62,20,'2'),(813,20,'Brownsville'),(811,20,'Cora Corpus Christi'),(819,20,'Core Victoria'),(718,20,'Corpus Christi'),(816,20,'Harlingen'),(818,20,'Laredo'),(810,20,'Mcall - Harl'),(809,20,'Mcallen'),(817,20,'NW Edinburg'),(808,20,'SPI'),(812,20,'Victoria'),(815,20,'West Mcallen'),(814,20,'Willowcy'),(63,21,'Anne Arundel/Charles'),(64,21,'Baltimore Central'),(67,21,'Baltimore East'),(66,21,'Baltimore North'),(65,21,'Baltimore West/ Frederick'),(68,21,'Southern MD/Eastern Shore'),(125,22,'Penn1 North'),(130,22,'Penn1 South'),(129,22,'Penn2'),(246,22,'Philly 1'),(134,22,'Philly2 Central'),(614,22,'Philly2 North'),(70,22,'Philly2 South'),(71,23,'Affiliate'),(73,24,'CT1'),(610,24,'CT2'),(611,24,'CT3'),(820,24,'CT4'),(612,24,'Northeast CT'),(609,24,'Northwest CT'),(613,24,'Southeast CT'),(84,24,'Southwest CT'),(74,24,'West MA'),(77,25,'East Central MA'),(76,25,'North Boston Core'),(75,25,'South Boston Core'),(82,25,'W Central MA'),(80,26,'RI / MA'),(78,26,'Southeast MA'),(822,27,'Albany'),(852,27,'Albany Core1'),(851,27,'Albany Core2'),(850,27,'Albany North'),(849,27,'Albany South'),(848,27,'Albany West'),(85,27,'Buffalo Cluster1'),(87,27,'Buffalo Cluster2'),(86,27,'Buffalo Cluster3'),(133,27,'Rochester Border'),(83,27,'Rochester Cluster1'),(707,27,'Rochester Cluster2'),(88,27,'Rochester Cluster3'),(706,27,'Rochester Cluster4'),(708,27,'Rochester Cluster5'),(845,27,'Syracuse East'),(844,27,'Syracuse North'),(132,27,'Syracuse South'),(131,27,'Syracuse Southern Tier'),(847,27,'Syracuse West'),(89,28,'IPCS'),(333,29,'Airport'),(342,29,'Anderson'),(276,29,'Beech Grove'),(94,29,'Bloomington'),(330,29,'Broadripple'),(338,29,'Carmel'),(337,29,'Castleton'),(325,29,'Columbus'),(327,29,'Downtown'),(93,29,'East Illinois'),(214,29,'Elwood'),(329,29,'Fairground'),(336,29,'Geist'),(96,29,'Greencastle'),(332,29,'Greenwood'),(341,29,'I-65 North'),(340,29,'I-65 South'),(212,29,'I-70 East'),(91,29,'I-70 West'),(324,29,'I-74 East'),(97,29,'I-74 West'),(213,29,'IN-44 East'),(343,29,'Lafayette'),(280,29,'Monticello'),(98,29,'Muncie'),(331,29,'Pendleton'),(211,29,'Richmond'),(326,29,'SE Indiana'),(335,29,'Shadeland'),(328,29,'Speedway'),(334,29,'Switch'),(92,29,'Terre Haute'),(99,29,'US-36 West'),(100,29,'US-37 South'),(95,29,'Vincennes'),(339,29,'Westfield'),(516,30,'Amor'),(521,30,'Branson'),(461,30,'Cape_Carb_PB_Hwy60'),(517,30,'Columbia'),(101,30,'Hann / Quin / Kirk'),(515,30,'Jacob Z'),(379,30,'Jeff City / Lake Ozark'),(381,30,'Jon'),(376,30,'Joplin'),(520,30,'Leo'),(519,30,'Peggy'),(522,30,'Rolla I-44'),(518,30,'Rommel'),(382,30,'Springfield'),(112,31,'1'),(107,31,'10'),(104,31,'11'),(117,31,'12'),(115,31,'13'),(111,31,'14'),(105,31,'15'),(114,31,'16'),(119,31,'17'),(118,31,'18'),(121,31,'19'),(116,31,'2'),(120,31,'20'),(103,31,'3'),(113,31,'4'),(106,31,'5'),(108,31,'6'),(109,31,'7'),(102,31,'8'),(110,31,'9'),(861,31,'Allen'),(862,31,'Brian'),(234,31,'Del'),(122,31,'Scott'),(255,31,'Todd'),(402,32,'Burbank'),(406,32,'Canoga Park'),(405,32,'Hollywood hills'),(415,32,'Lancaster / Palmdale'),(417,32,'Malibu / Topanga'),(420,32,'Oxnard'),(403,32,'San Fernando'),(603,32,'San Luis Obispo'),(600,32,'Santa Barbara'),(414,32,'Santa Clarita'),(602,32,'Santa Maria'),(599,32,'Santa Paula'),(407,32,'Thousand Oaks'),(404,32,'Van Nuys'),(601,32,'Ventura'),(123,32,'Woodland Hills'),(126,33,'Core NJ'),(128,33,'Northern Jersey'),(124,33,'Southern Jersey'),(592,34,'Bronx'),(821,34,'CT4'),(127,34,'LHV'),(846,34,'Syracuse Southern Tier'),(438,34,'Westchester'),(168,35,'Arlington Heights'),(167,35,'Barrington'),(194,35,'Dekalb'),(190,35,'Far West'),(166,35,'Gurnee'),(193,35,'Marengo'),(185,35,'McHenry'),(170,35,'Northshore'),(177,35,'Northside'),(169,35,'O\'Hare'),(200,35,'Rockford'),(471,35,'Southeast WI'),(195,35,'St Charles'),(183,35,'Streamwood'),(186,36,'In Border'),(198,36,'Kankakee'),(184,36,'Loop'),(174,36,'Midway'),(173,36,'Northside'),(191,36,'NW Indiana'),(171,36,'NW Loop'),(201,36,'Oak Park'),(188,36,'Orland Park'),(176,36,'Southshore'),(175,36,'Southside'),(172,36,'SW Loop'),(182,36,'Westside'),(203,37,'Dekalb'),(179,37,'Elmhurst'),(202,37,'Far West'),(199,37,'Kankakee'),(178,37,'Midway'),(181,37,'Naperville'),(192,37,'O\'Hare'),(189,37,'Orland Park'),(197,37,'Plainfield'),(187,37,'Southshore'),(196,37,'St Charles'),(180,37,'Woodridge'),(204,38,'Indiana'),(375,39,'KC Berkley'),(374,39,'KC Bye'),(372,39,'KC Herod'),(373,39,'KC Kidwell'),(377,39,'KC Mclaughlin'),(378,39,'KC Reichert'),(205,39,'KC Trobaugh'),(380,39,'WT Sutter'),(216,40,'1'),(236,40,'461'),(206,40,'463'),(238,40,'475'),(237,40,'477'),(217,41,'1'),(218,41,'2'),(223,41,'9'),(275,42,'1'),(267,42,'10'),(220,42,'11'),(269,42,'12'),(265,42,'13'),(221,42,'19'),(270,42,'6'),(219,42,'7'),(268,42,'8'),(222,43,'1'),(663,43,'2'),(664,43,'3'),(665,43,'4'),(229,44,'Colorado North'),(232,44,'ColoSpgs'),(225,44,'Denver DT'),(228,44,'Denver NE'),(233,44,'Denver NW'),(230,44,'Denver SE'),(231,44,'Denver SW'),(226,44,'Mountain'),(227,44,'Pueblo'),(549,45,'Chattanooga 1'),(539,45,'Chattanooga 10'),(535,45,'Chattanooga 11'),(536,45,'Chattanooga 12'),(544,45,'Chattanooga 13'),(542,45,'Chattanooga 14'),(550,45,'Chattanooga 15'),(545,45,'Chattanooga 16'),(547,45,'Chattanooga 2'),(537,45,'Chattanooga 3'),(548,45,'Chattanooga 4'),(543,45,'Chattanooga 5'),(540,45,'Chattanooga 6'),(541,45,'Chattanooga 7'),(538,45,'Chattanooga 8'),(546,45,'Chattanooga 9'),(569,45,'Knoxville'),(560,45,'Knoxville 1'),(553,45,'Knoxville 10'),(551,45,'Knoxville 11'),(565,45,'Knoxville 12'),(567,45,'Knoxville 13'),(257,45,'Knoxville 14'),(562,45,'Knoxville 15'),(557,45,'Knoxville 16'),(564,45,'Knoxville 17'),(566,45,'Knoxville 18'),(344,45,'Knoxville 19'),(558,45,'Knoxville 2'),(568,45,'Knoxville 20'),(554,45,'Knoxville 3'),(561,45,'Knoxville 4'),(552,45,'Knoxville 5'),(563,45,'Knoxville 6'),(559,45,'Knoxville 7'),(555,45,'Knoxville 8'),(556,45,'Knoxville 9'),(572,45,'North'),(570,45,'Southeast'),(460,45,'Southwest'),(571,45,'UB Sites'),(264,46,'14'),(266,46,'15'),(262,46,'16'),(263,46,'17'),(273,46,'18'),(271,46,'5'),(261,46,'9'),(272,47,'1'),(274,47,'2'),(869,47,'3'),(868,47,'4'),(277,48,'Beaumont'),(316,48,'East'),(440,48,'Lafayette-New Iberia'),(439,48,'Lake Charles'),(278,48,'Monroe-Alexandria'),(314,48,'North East'),(279,48,'Shreveport'),(312,48,'South East'),(679,49,'Apex / Morrisville'),(678,49,'Cary'),(684,49,'Chapel Hill'),(693,49,'Clayton'),(695,49,'Clinton / Benson'),(529,49,'Conway'),(689,49,'Creedmoor / Butner'),(686,49,'Durham'),(692,49,'Fairgrounds / Umstead'),(690,49,'Falls Lake'),(700,49,'Fayetteville'),(524,49,'Florence'),(701,49,'Fort Bragg'),(688,49,'Fuquay-Varina / Holly Springs'),(676,49,'Garner'),(523,49,'Georgetown'),(668,49,'Goldsboro'),(671,49,'Greenville'),(533,49,'Havelock'),(703,49,'Henderson / Oxford'),(685,49,'Hillsborough / Roxboro'),(675,49,'Hope Mills'),(672,49,'I-95 Through Roanoke Rapids'),(526,49,'Jacksonville'),(670,49,'Kinston'),(699,49,'Laurinburg / Lumberton'),(691,49,'Lilington'),(697,49,'Louisburg / Wake Forest'),(525,49,'Marion/Dillion'),(286,49,'Myrtle Beach'),(530,49,'New Bern'),(696,49,'North Raleigh'),(527,49,'North Wilmington'),(528,49,'Ocean Isle/Long Beach'),(674,49,'Princeville/Williamston'),(694,49,'Raleigh'),(687,49,'Research Triangle Park'),(673,49,'Rocky Mount'),(680,49,'Sanford'),(683,49,'Siler City / Pittsboro'),(702,49,'Smithfield'),(677,49,'Southern Pines'),(669,49,'Warsaw/Kenansville'),(534,49,'Washington'),(532,49,'Whiteville/Bolton'),(531,49,'Wilmington'),(667,49,'Wilson'),(698,49,'Zebulon / Wendell'),(287,50,'East'),(291,50,'Ft. Walton'),(288,50,'Mobile'),(289,50,'Panama City'),(290,50,'Pensacola'),(824,50,'Tallahassee'),(292,50,'West'),(293,51,'Baton Rouge Core'),(574,51,'Baton Rouge Rural'),(294,51,'Biloxi'),(579,51,'French Quarter Core'),(575,51,'Hammond'),(514,51,'Hattiesburg'),(576,51,'Houma'),(587,51,'Hwy 90 West'),(508,51,'Jackson'),(588,51,'Lakefront NO'),(583,51,'Mande Covington'),(512,51,'McComb'),(509,51,'Meridian'),(577,51,'Met Kenner North'),(581,51,'Met Kenner South'),(580,51,'Mid City NO'),(510,51,'Natchez'),(453,51,'NCM 1'),(454,51,'NCM 2'),(452,51,'NCM 3'),(450,51,'NCM 4'),(451,51,'NCM 5'),(456,51,'NCM 6'),(455,51,'NCM 7'),(457,51,'NCM 8'),(458,51,'NCM 9'),(586,51,'NO East'),(590,51,'Plaquemines South'),(589,51,'River Parishes'),(585,51,'Slidell'),(584,51,'St Bernard'),(513,51,'St. Tammany North'),(578,51,'Uptown NO'),(511,51,'Vicksburg'),(582,51,'Westbank Core'),(295,52,'1'),(469,52,'2'),(653,52,'Cluster 1'),(470,52,'Cluster 2'),(298,53,'(Oahu) Downtown-Kalihi'),(303,53,'(Oahu) Downtown-Waiakamilo'),(300,53,'(Oahu) Ewa-Makaha'),(296,53,'(Oahu) Kaimuki-Kailua'),(301,53,'(Oahu) Kaneohe-North Shore'),(299,53,'(Oahu) Waikiki-Manoa'),(304,53,'(Oahu) Waipahu-Halawa'),(302,53,'(Oahu) Waipio-Haleiwa'),(309,53,'BI-Hilo'),(308,53,'BI-North'),(310,53,'BI-South Point'),(311,53,'Kauai'),(307,53,'Kona'),(305,53,'Maui Core'),(297,53,'Maui Kihei'),(306,53,'Maui West'),(356,54,'CDA'),(650,54,'Central Coast'),(647,54,'Central Oregon'),(632,54,'Clackamas'),(644,54,'Corvallis'),(355,54,'Deerpark / Sandpoint'),(629,54,'Downtown PO'),(353,54,'Downtown SP'),(631,54,'Eastside'),(347,54,'Ellensburg'),(642,54,'Eugene'),(643,54,'Eugene Rural'),(638,54,'Gresham'),(360,54,'Hermiston / Umatilla'),(362,54,'Hwy 195/95 South'),(634,54,'Hwy 26'),(646,54,'Hwy 30'),(357,54,'Hwy 395/90 West'),(639,54,'Hwy 99W'),(352,54,'Kennewick-Pasco-Richland'),(626,54,'Klamath Falls'),(358,54,'Lewiston / Clarkston'),(645,54,'Longview'),(640,54,'McMinnville'),(625,54,'Medford-Ashland-Grants Pass'),(348,54,'Moses Lake'),(649,54,'N. Coast'),(628,54,'N. Portland'),(633,54,'Oregon City'),(359,54,'Pullman / Moscow'),(630,54,'Raleigh'),(641,54,'Salem'),(648,54,'South Coast'),(624,54,'Southern I-5'),(354,54,'Spokane Valley'),(627,54,'The Gorge'),(637,54,'Vancouver East'),(635,54,'Vancouver West'),(361,54,'Walla Walla'),(349,54,'Wenatchee'),(636,54,'West Linn'),(346,54,'Yakima'),(345,54,'Yakima Valley'),(493,55,'Bellingham'),(876,55,'Downtown Seattle'),(875,55,'East Side'),(351,55,'Everett'),(427,55,'Kent Valley'),(877,55,'Kirkland-Woodinville'),(880,55,'Kitsap'),(878,55,'Lynnwood-Univ Dist'),(350,55,'Maple Valley'),(881,55,'N Oly Penn'),(879,55,'Olympia'),(651,55,'Tacoma'),(369,56,'1'),(370,56,'2'),(371,56,'3'),(368,56,'4'),(367,56,'5'),(386,57,'Azusa/West Covina/San Dimas'),(395,57,'Downtown / Koreatown'),(391,57,'East Los Angeles / Commerce'),(389,57,'El Monte / Monterey Park'),(392,57,'Glendale/Pasadena'),(383,57,'Huntington Park/Florence'),(408,57,'La Puente/Walnut/Diamond Bar'),(411,57,'Lakewood/Signal Hill'),(387,57,'Monrovia/Temple City/East Pasadena'),(390,57,'Montebello/Pico Rivera/Whittier'),(418,57,'North Santa Monica'),(409,57,'Norwalk/Cerritos'),(388,57,'Valinda/Pomona'),(398,58,'105 / 110 Freeways'),(399,58,'Baldwin Hills'),(412,58,'Beach Cities and Torrance'),(410,58,'Carson / North Long Beach'),(401,58,'Century City'),(394,58,'Hollywood and Hills'),(400,58,'Koreatown'),(384,58,'LAX'),(393,58,'North Santa Monica'),(385,58,'Palos Verdes'),(413,58,'San Pedro / Port of LB'),(397,58,'SouthGate'),(396,58,'West LA / Santa Monica'),(827,59,'Antelope'),(416,59,'Bakersfield'),(447,59,'Carson'),(835,59,'Chico'),(798,59,'Davis'),(830,59,'Dt Sacramento'),(831,59,'Elk Grove'),(842,59,'Fallon'),(828,59,'Folsom'),(441,59,'Fresno'),(838,59,'Lake Tahoe'),(443,59,'Modesto'),(826,59,'Natomas'),(841,59,'Nevada City'),(446,59,'Not on air'),(834,59,'Oroville'),(839,59,'Placerville'),(837,59,'Redding'),(833,59,'Reno'),(832,59,'Rocklin'),(829,59,'Sacramento'),(825,59,'South Sacramento'),(836,59,'Stockton'),(442,59,'Visalia'),(840,59,'Yuba City'),(421,60,'3000'),(419,60,'3100'),(620,60,'3200'),(621,60,'3300'),(622,60,'3312'),(598,60,'3400'),(444,60,'3500'),(709,60,'4000'),(710,60,'4100'),(422,60,'4500'),(445,60,'4600'),(714,60,'4900'),(423,61,'501'),(720,61,'502'),(730,61,'503'),(733,61,'504'),(734,61,'505'),(727,61,'506'),(732,61,'507'),(728,61,'508'),(715,61,'509'),(723,61,'510'),(724,61,'511'),(731,61,'512'),(722,61,'516'),(721,61,'517'),(716,61,'521'),(434,62,'East Las Vegas'),(435,62,'Henderson Boulder City'),(433,62,'McCarran to Anthem'),(432,62,'N Strip Downtown'),(424,62,'NE LV Mesquite'),(428,62,'NW - Tonopah'),(429,62,'NW Summerlin'),(425,62,'S LV Strip to Laughlin'),(426,62,'SW Las Vegas - Strip'),(431,62,'SW Pahrump'),(430,62,'W Las Vegas'),(436,63,'Eastern BQ'),(437,63,'Long Island'),(459,64,'Memphis Cluster #2'),(467,65,'2'),(652,65,'3'),(468,65,'4'),(462,65,'5'),(465,65,'6'),(666,65,'7'),(474,66,'1A'),(473,66,'1B'),(475,66,'1C'),(472,66,'1D'),(476,66,'1E'),(477,66,'1F'),(479,66,'1G'),(478,66,'1H'),(485,66,'2A'),(482,66,'2B'),(484,66,'2C'),(486,66,'2D'),(487,66,'2E'),(606,66,'Appleton'),(492,66,'Eau Claire'),(483,66,'Fond Du Lac'),(480,66,'Green Bay'),(491,66,'La Crosse'),(607,66,'Manitowoc'),(605,66,'Oshkosh'),(481,66,'Sheboygan'),(608,66,'Stevens Point'),(604,66,'Wausau'),(591,67,'Manhattan'),(593,67,'Western BQ'),(858,68,'Beltway'),(597,68,'Central'),(843,68,'DC Core'),(859,68,'Potomac'),(823,68,'South'),(711,69,'4200'),(623,69,'4300'),(712,69,'4400'),(661,69,'4700'),(713,69,'4800'),(739,69,'502'),(737,69,'504'),(738,69,'507'),(726,69,'513'),(725,69,'514'),(736,69,'515'),(729,69,'518'),(735,69,'519'),(719,69,'520'),(762,70,'American Canyon'),(767,70,'Benicia'),(745,70,'Berkeley'),(780,70,'BR01-Colma'),(783,70,'BR02-San Bruno'),(784,70,'BR03-Burlingame'),(782,70,'BR04-Pacifica'),(786,70,'BR05-San Mateo'),(785,70,'BR06-Belmont'),(787,70,'BR07-Redwood City'),(788,70,'BR08-Menlo Park'),(789,70,'BR09-Palo Alto'),(797,70,'Calistoga'),(746,70,'Castro Valley Hayward'),(756,70,'Concord'),(781,70,'Cow Palace'),(772,70,'Downtown SF'),(752,70,'Dublin'),(741,70,'East Oakland Alameda'),(750,70,'Fremont'),(792,70,'Greenbrae / Fairfax'),(779,70,'Haight Ashbury'),(751,70,'Hayward'),(771,70,'Hunters Point'),(766,70,'Hwy 12'),(758,70,'Lafayette Moraga'),(775,70,'Lake Merced'),(753,70,'Livermore'),(754,70,'Martinaz Rodeo'),(791,70,'Mill Valley'),(761,70,'Napa'),(749,70,'Newark Union City'),(770,70,'Noe Valley'),(794,70,'Novato'),(740,70,'Oakland Emeryville'),(742,70,'Oakland MacArthur'),(773,70,'Pacific Heights'),(759,70,'Pittsburg Antioch'),(748,70,'Pleasanton'),(777,70,'Richmond District'),(760,70,'Richmond Pinole'),(764,70,'Rohnert Park'),(743,70,'San Leandro'),(793,70,'San Rafael'),(757,70,'San Ramon Danville Alamo'),(765,70,'Santa Rosa'),(763,70,'Sonoma'),(774,70,'South of Market'),(747,70,'Sunol'),(776,70,'Sunset District'),(778,70,'Twin Peaks'),(768,70,'Vacaville'),(755,70,'Walnut Creek'),(744,70,'West Oakland'),(796,71,'BR08-Menlo Park'),(790,71,'BR09-Palo Alto'),(806,71,'Central Coast'),(803,71,'Downtown San Jose'),(804,71,'Gilroy'),(769,71,'Los Gatos'),(795,71,'Milpitas'),(801,71,'Santa Clara'),(805,71,'Santa Cruz'),(800,71,'Saratoga'),(802,71,'South San Jose'),(799,71,'Sunnyvale');
alter table org_clusters AUTO_INCREMENT=893;
UNLOCK TABLES;




SET FOREIGN_KEY_CHECKS=1;